song,spectrogram hash,mfcc hash,mel spectrogram hash,Chroma_stft hash
Group02_Song1_Music.mp3,b62a9e6ab62a9a2ab42ada2ab42ada6ab42ad26ab42ad0cab42ad9ddb48ad9dd,840a9402b422b4aeacb2e9b8e894cb54cb55db5dd75dc755c747c74587c78547,b62ab62ab62ab62ab62a962a962a966ad672de74de545855495549d549d549d5,800080007fff7fff800080007fff7fff800080007fff7fff7fff800080007fff
Group02_Song1_Vocals.mp3,87838783878387838787978787879787878796278787526b87c75a6a87477a6a,874787878587979a8301a3258645a149e9b8f878f878f8b8f83cf83cf83c78fc,8d878d8785878787875396639663566252625a695ae978ed78e878787878787c,8707870778f878f88707870778f878f88707870778f878f878f88707870778f8
Group02_Song2_Full.mp3,b3659374b36583d2f0d04c9afc9a4c8aecaa48a9cd2a7a2dcc8a7aadcc8a7e45,b2498a44ea92fa92f2d8b074b174b3759175857c852b8fab8f8b4eab4c8b4c8b,b375b374b7d0e59aedaae8abea09680a680a4c8b4caf4eb748964c9a4d2b196d,edabedab12541254edabedab12541254edabedab125412541254edabedab1254
Group02_Song2_Music.mp3,b26d824df06d824df46da2cdf46da6deb46d26d6a4217d9684827d9682827d96,b645a705a569e56de069f068f86af83ada9bda9a9e9286928f92879687958781,b26db66db66db64db64db6c9b6c88680c680c68845b945b24db24db249bb49bb,8000800000000000800080000000000080008000000000000000800080000000
Group02_Song2_Vocals.mp3,936587749375855293d1cd9a85d24dba85f04d2985714d29cd5a6ea9c5527e6d,83d4835493d4939491d5b2459255b325e52aec2aec2aec2bec2bec2aecab7cab,9374977485d08592c5ab8d29a949694b694a6d0b6cab7aa77a96689a792a792f,8733f1dc7a2d787c81d28552787c7a2d91d4871331dc7a2d7a2d85d2878378cc
Group02_Song3_Full.mp3,baa9beb9b2a9953896ac555c94286d5ed42a2a76c5222a67cd4222efcd4232ef,80248028846c847cc424942c9eb8beb9bb99bf99fb9bfbc3fbd3694769476146,b2bdb2bc963c963896a8d4aad4aad52ad5aa55c260c369576957495769476946,800080007fff7fff800080007fff7fff800080007fff7fff7fff800080007fff
Group02_Song3_Music.mp3,b2a9376ab2a9376a92a9366a96a8366c96aa36ed942a32add52a3aadd5521aac,922882289428842b842b8e7f966fb2e6b2f5f295eb95e9d5e954c956cd56c956,b2a9b2a9b2a996a996a996a896a9942cb6ad556675654d564d564d5669564d56,800080007fff7fff800080007fff7fff800080007fff7fff7fff800080007fff
Group02_Song3_Vocals.mp3,bab9ba89b2b99798963c555e953c655ed4186d52c5186d43ed1a2363e91a22e3,d8189418953c853cd794d4b5deb1aef9abc3ab43aa43aa43a2c3e3c761c76147,b23c963c961cd618de98f48ad48ad58a558a728b6acb6ac368c769c769e728e3,d052d0522fad2fadd052d0522fad2fadd052d0522fad2fad2fadd052d0522fad
Group02_Song4_Full.mp3,a4e4a4c4b4e5a0e4b4e5d0ed90e5d04b98efd94b98cf4b4ad8db4b1ac89b6b1a,800c80198499b0c994c1946695e6a3c4af66eb36e936ef36ff265f3a6f1b5a39,a4e5a4e5a4e590ed90cad14ad94ad94ad94ad95b6b5b6b136ab16a317f227720,ca4aca4a35b535b5ca4aca4a35b535b5ca4aca4a35b535b535b5ca4aca4a35b5
Group02_Song4_Music.mp3,9cd3a51c9cd3a51c9cd3a51c9cd3e41c9cd3e41c9cd3e60d9cd3e20d9cd3620d,8c008c0a940b850ead1cad8cb7e4f3f5f2f1daf1d3f2c272c352d2f2dbe0c3aa,a5dca5dca5dca5dca5fda5fda5f5adf5adf5ad35ad308a204a205a205a205202,800080007fff7fff800080007fff7fff800080007fff7fff7fff800080007fff
Group02_Song4_Vocals.mp3,a4e4a4e6a4e5b4e4b4e590e590e5d06b90cdd94bd85fd95ad85f481ac85f681e,905e905c809c80d196c1966395e0b7c0ef26eb36e92eef26ef22ed2a6f3b6239,a4e5a4e5b0e590edd0cad14ad14ad94ad94a595b6b5b6b136ab16ab17f227720,d950d95026af26afd950d95026af26afd950d95026af26af26afd950d95026af
Group03_Song01_Full.mp3,8239c23d82b9c49d9097e4c7b09664c6a4866f46a5646f67e4676d63e4635be3,80398015809490968094ec938251db58d398daebc27f6f797f4a7fe27fe27f62,809580958097a4b7e46fee6bdf49df69fe697668666076607d027d827d027f00,a497a4975b685b68a497a4975b685b68a497a4975b685b685b68a497a4975b68
Group03_Song01_Music.mp3,92b8c2bd92b8c4bd92b8c4adb2b8c425bbb5c425bf854d65bd056d45bd056c47,801c8211938092a990a2d0a2f0e2f8c6f51efd5eef51e77d46770477477f8d75,b2bdb2bdb2bdb2bdbabd92bd82bd92bd92bcd07cc07e444c444a45424d424d42,87c087c0783f783f87c087c0783f783f87c087c0783f783f783f87c087c0783f
Group03_Song01_Vocals.mp3,8035803d803580bd8097c4bfa497e48fa49764efa47de46fa06dc8eba0ef59eb,80bd80b580958095801587138b199b08db68dbe2faebfb4aff487fc27fc27f62,80958095809784b7a46fe46bc66987696669666866687e607fa67f827fc27f68,80b680b67f497f4980b680b67f497f4980b680b67f497f497f4980b680b67f49
Group03_Song02_Full.mp3,8237833f8037827f802bc0ffc02b40dfc00b41dfc01c63ffa0546bffa0457bff,8000800080009e018a2084039f009fa08fdfafd5affefffefdfe7de879ff70de,823f803f803f80dc80ddc0cbd0cb714379437f437f447f447f247fa07f907e90,8000800000000000800080000000000080008000000000000000800080000000
Group03_Song02_Music.mp3,804181ff8041817f8003817f8003917f801791ff805757ff80557fff95557fff,80008014c000e820c820c8a2caa0fea8a7c987df8eddbf9dbf9fbf1fbf3ffe1d,805f805f805f805f805f805f805f98463f027fa07fa07fa07fa07fa27fa27fa2,8000800000000000800080000000000080008000000000000000800080000000
Group03_Song02_Vocals.mp3,8f198f158f198f1c8a9cce0c8a9c4e6e8e8e4d2e870e492eb74e69a6b74e69a6,8f888f1c8f1c8a1e8b9a9ab98e958d11d163f1e2f1e3f0e3e0e2f0e370e370e2,8f1d8f1d8f1c8f4eae6e8aed9ca514a974a970a279a271a274c456cc76ec7064,ae1a801a71ff71ff8e18ae1a512571f7ae1a8e087fff51a551e4ae188e0051e5
Group03_Song03_Full.mp3,98799869886bc8638ce3c9d6a5d64116f7967304b79d770cb70d5f0cb7094f28,845788e789eec9eac836c8f49871906bbfb99e09b649b31d731c77886f846704,883b88ab81aff794f716c556ccd5c45574147514575647626623773729cd09e9,b734b73448cb48cbb734b73448cb48cbb734b73448cb48cb48cbb734b73448cb
Group03_Song03_Music.mp3,974ecd97974ecd97964ecd97964acd9f860acc9f864acc378648cc35a6484831,94498c178c1f8f1e8762938ab3c4b3e1f1f5f061e874f078f068f078f8b8f0e9,8d9e8d9e8d9e8c8f8c8b84498649e269f2617261726172747274797479f479f4,8000800000000000000080008000000000000000800080000000000000008000
Group03_Song03_Vocals.mp3,88348c7488748c788471ecf9a4e9f4ebb1eb71a3b3a61782b3861fcab7464f92,94689470ee75e8f1e831c878882c8834ff9f9f839786b38ed38e538e4b8e4783,887c8874b074b1ebb5298ce8cc6ad44a750b578b4f894f81778377cf2bc663c2,b362b3624c9d4c9db362b3624c9d4c9db362b3624c9d4c9d4c9db362b3624c9d
Group03_Song04_Full.mp3,a09488d5a0949affe09292eae0929a6be1929f7be192df6be182db6be1825b69,80008000e082e282e082e496ac96acb78cf5acff9e7f9f799f799f695f695769,a092a092a092a092a096a09ca1dce1cde14de14de16d796d796d7f6d5f6d5f6d,800080007fff7fff800080007fff7fff800080007fff7fff7fff800080007fff
Group03_Song04_Music.mp3,e0c09935e0c19935f0c19935f0c19935f0c09d35f0c29d35f0c29f7ff0c29f7f,8000a000e0c2e102e341e295ea95cc55cd5d9e599f7f9f3b9f3a9eba9f3a9f2a,e085e085f085f084f184f184f084b0c5a085a0c5b185f1cf557e5f7e5f7f1f7f,800080007fff7fff800080007fff7fff800080007fff7fff7fff800080007fff
Group03_Song04_Vocals.mp3,8cca844a944a945b945b9659944994db94cb9ccb94cb9adb944b79d595cb79b6,9ccb94cb965b9659965994c994cba48ae724e124e934eb24e9a4e9a4eb356b35,9c4b944b944b944b944a944a94eaa4aaa5aa6da66da669a669a67ba573b573b5,850b9c7863a478f4850b9c5b63a47af4850b950b63f56af47af4950b9c5b62f4
group04_song1_full.mp3,b337bbf5b33fccecc51b4cc8c59968c8838839d083885931c3883939c7d83bbb,831f831bc409c408c489c400baa6b8f6b9ffb9ffbbf6b8f6b8e638e668e04cc0,a317939b9309831db315939f93aeb3ae133655dc49a84ce84cf46ce46ce06ce9,931b931b6ce46ce4931b931b6ce46ce4931b931b6ce46ce46ce4931b931b6ce4
group04_song1_music.mp3,933fdce5973ffce5871f6ce0871a6ce0830878c0838878d1838879d1cbcc79d9,831f831bc6098300820086009c66d8fffdffddffdcf7fcf578e27ce06c4068c0,831b830b838f838d939f939f933f93bf13ba13f813f87ce04ce06ce06ce06ce0,839b839b7c647c64839b839b7c647c64839b839b7c647c647c64839b839b7c64
group04_song1_vocals.mp3,bb26b3d5bbe691d590e84cc954f94cc998f89999b33a91399138552955396639,938499c4b371e271daf3ccc89cce9846b315f731a719cc8ecc8ec48b4c79c43b,bb16b312917ab159b1149512b6aabaaa9b4655956daa4dab6d95669446ab4ce9,e5b0cf384e3d4e7d97b0e5b86f0d4e3d80f295f2e52c6e0d684d91f211c2680d
group04_song2_full.mp3,931a93009310c644e6a4cc64e6e56c63e83b6c63f93b64e7cd19469fcf4d079f,b330b1b1f4c5e4c5e4e6c6b0b33290008b0889048f089bf8bb3a3bbb6fff4cef,9133b1b1f48dd9499900bb90a3baab3a6f3a6e7c4e5c0e5e364d314879a86f8c,bad3bbc0452447a4bad3bad345244524bad3bad347e4452c452cbadbbadb452c
group04_song2_music.mp3,b3b1b3b5b3b1b365b3f1c143e35b4d4abb9b480abbba460abb384e0c9e184c0c,b331b319ed5ce74fe2c5e257c753b96592a792a792a69cbcdc1a4c484c4a4c48,b331b331b333b3b3b331b331933193b393b1b211244d6c4c6ccd6cce6cca4cce,be3cbe3c41c341c3be3cbe3c41c341c3be3cbe3c41c341c341c3be3cbe3c41c3
group04_song2_vocals.mp3,991a9b189918821cb6bce6a4f4b5e4e5f431607791396c7fc9494ecf45454acf,9018901890199424b434a6bcb2b998028b4ac94bcb4beffabfe766e766e74fe7,913b90b9d4adc94dd940aba0abbaab3a6f3e6e3c4e7e165c364c13483b087f84,f001ff001ffe1ff8f001f0011ffe1ffef001e0011f981ffe0ffee001e0010ffe
group04_song3_full.mp3,9e1ff81e9e1f9c089e1f85c0df1045e0fc1e60e0fc3670e0fc6670e0f46631f9,8e0f8e1e9e1f9f1f8f1b8f0b8b09b818f064f0e4f0e4f0f0f0f071f061e171e1,9f1b9f1b9e1efc6674e670a4aba061e8676263e063e071f170c957c307470d25,f8f0f8f0070f070ff8f0f8f0070f070ff8f0f8f0070f070f070ff8f0f8f0070f
group04_song3_music.mp3,8e0ffe0f8e0fbc089e0e8c0efe1e8f06be1ec3028e1f43838f1f60c19f1f78c1,8e1f8e0efe1ef60ef026f066e0648ce48dc189f189d983d9d1f071f071f171f0,8f0f8f0f8e0f8e1b8f1a87d007d003d003d043e043e14be34be7786ff86f786f,b422f0a079d979d9b422b42279d979d9b422b42279d94bdd4bddb42286264bdd
group04_song3_vocals.mp3,9e1fb81e9e199e0c9f198f849f0887e4dc4e6064fc667064f4667360746673d9,9c079c1e9f1c9f1d8f198f898189f1b8f22ef2e8f228f066f1e261e141e361e3,9f199f199c1ef466746678a6f9a1e8296262636273e070d172d957ca07e207b5,f070f07007070707f070f07007070707f070f070070707070707f070f0700707
group04_song4_full.mp3,805f801f806d809fff607d92ffe07c93844a7c93845e7c91c4267ec17fa67e44,801f804ff500ff20d7709bc18079805faa44e40ea0b6aadf80df7edd7f917fb0,806f806f812ec40ee40ea04d8add8add1ac17ef17e357f347d307fb07f807f80,ff6dffe00590ffd0ff6dff6d05900490ff6dff6d009000920012fb6dd22d0092
group04_song4_music.mp3,814e807f814c807fb66ce67ebf4cf676874c80b7816e80b3807fd0f380ff38b1,803f8040a6c4fe40a642f744ff60f48680bb88bb80bbd9b3dbb37f917f807f83,805f807f806f807f807f803f803f803f803f801f01bf7fbb7fa27fa07f807f80,88f9ffc07f047f0088f9a8f97f047f0488f980fb7f047f04570680fb80fb7704
group04_song4_vocals.mp3,807f805f806f810fc1aa818ed1aac59a847bc49b845ff4d37f067f807fa27fc4,8001800bc1bed5be91bf818980c98a49ee7eff4efe44ae41a8d17f997f807f91,806f802f852ee40e640ee94f8acd8acd3ac17ee17ef47f347d3432b46bb06782,ffffffff00000000ffffffff00000000ffffffff000000000000ffffffff0000
Group05_Song1_Full.mp3,a0a9c429a0a9d40ba081d44aa4c1dd6a84c1df5ec5d55f1ed5d55b1eded57b1e,80818480a4c2ffd6f5e29438802980c1a04daa3d8247c36bff7bdb7a5f7e7f5e,a089e0c1c0c1c0c1d0c5d485d41d941c953c5f3c5f945fd45f945f951fbd3fbd,d5c4d5852f392739d4c4d4c42d392d39d5c4d4c4262f2f3b2b3bd0c4d8c62b3b
Group05_Song1_Music.mp3,aab5aa9daab5b099aa95d599a291d599b691d59b9491d50bd591d50bd591c10b,b1a1b1b196b996bdd49caad6aad6aa54aa46aa468a66c962c94ad54ad56ad56a,aa95aa95a294b490b5b5d5a5c5a5c5a555a555a455a6559656d65656565e534d,d532d7492a4d2a4dd532d5222a4d2acdd532d5322acd2acd2addd532d5b22add
Group05_Song1_Vocals.mp3,c429d429c40bd40bd44bd40bc44bd42ac44bcd9bc1cfcb9dc28d6b9dcadd3b9e,8023900ba04fe047f062d538d420d442eaaaabbeefd5afb4bfb8bf542bd42bd4,c44bc44bc0c3c0c1d0c5d685969d961c961c1f1c1b944b954fb50fb51fbd3fbd,c0d388ab3f2c372ce0c7c0c71d3c1d3cd155c0c776653f2c1f38c0d3c8d33fb8
Group05_Song2_Full.mp3,b00bf00bb00bf00bb009f241b8213ff4aeb40ff48eb42ff68eb42ef68eb40ff6,8003a421bff4fe74fb74f143f00b800b8ea98c3b800b848bc1cb59de5ff47ff4,a003a003a401acb3aca3a423a403a443e443e5e6f5fe7dee75ce53ce53de5bde,8ff483d1724b700fadb48db4524b524b8fb48db42c3c724b524b8fb48ff0724b
Group05_Song2_Music.mp3,ff32bf32ff32bb32bf32bb22bf32bb22bf329b22af331221a4131209a49b0009,8405c481b631bb33bf32bf7afffedffacfdbc249c0cdc08dc0cd8005804dc00d,b73ab73ab73aa73aa73b863b843b84ff84eec1cec98e49866986498458c458c4,8000800000000000800080000000000080008000000000000000800080000000
Group05_Song2_Vocals.mp3,8004f004a004f004a004fa7ca044bf7fa458af7fa4582f7fa7586f7f8f596fff,80018000a004ac4acc4bd0c9d085c005aeb4cfb6cf9bc732fbb6dbbb5ffb7ffb,a044a044a444a454a454a445f005f005f655f6f5d6f557a55ba55baf5baf5fbb,844184417bbe7bbe844184417bbe7bbe844184417bbe7bbe7bbe844184417bbe
Group05_Song3_Full.mp3,801b801b801b800a800c7fc0fc047fc4fc047ff1fc0077fbf0505fbfff507fef,80008000a4008204800d800d80ef827f83fb86fb83fbffff7fff7fe47ff47ff0,800d800c80048410fe10fe80fca87ca87db07fd17ff27ff703ef07ef01ff297b,800080007fff7fff800080007fff7fff800080007fff7fff7fff800080007fff
Group05_Song3_Music.mp3,800187a18001bfa58001fff58000ffff80007ffe80047ffec1067ffef9067fff,800080008000800382319078b7f9bff9ffe2dd86ffa26f767b9e7f1f7d6e691f,8001800180018000aa04fe047e547f547b5e7bee7bef69eb01fb45ff55ff55ff,8b408b4074bf74bf8b408b4074bf74bf8b408b4074bf74bf74bf8b408b4074bf
Group05_Song3_Vocals.mp3,811d801d811f805f81067ee284067fe280277eeb802dfaff803d7fd62ef87fd2,801f8007810487048556809680bb803f83a9ff79fef9fcd9fee27fe07fe07fc0,811781078007800d8239843780a780bb7cab7ef97ff05bd04bf47be87fa97fe9,c4a2c4a23b5d3b5dc4a2c4a23b5d3b5dc4a2c4a23b5d3b5d3b5dc4a2c4a23b5d
Group05_Song4_Full.mp3,a81bffffa811df9fac70db86fce45b84d7e4020497e70200b7ef0010f7af0818,ca1bcc74b7efb7effcf4cb9080108026ffffcb3a891af62941044100738837e6,b479b47db4ff96ef90e6c836c810c9104b004b007f463f57375f378b138b138b,8000800000000000800080000000000080008000000000000000800080000000
Group05_Song4_Music.mp3,fd55fb5aed51d35acdd1935ac5519312d5511312d5571316d556233ec51620ac,c555c5118dd085d988c0bafdba7dbaedee3ee62afe26d42ed127912201ae01aa,c959cd51cd51c551c575c575c475c474c475c564454415ce35ce33ce33ce33ce,d555d5552aaa2aaad555d5552aaa2aaad555d5552aaa2aaa2aaad555d5552aaa
Group05_Song4_Vocals.mp3,a42ecd6e942edd6ed466dd47d466dc46d6664c00b6776c08bbe36c087bd36808,f509d446f676d677fe77a984818c801b8073c9ebc989ab80a2806a886aab7bff,b62e967e967e967fd47bc90ae808e988e9886d893d053d9517850b851b816bd3,f545f5450aba0abaf545f5450aba0abaf545f5450aba0aba0abaf545f5450aba
Group07_Song1_Full.mp3,8ead8eadaaad9eaca8ad9fbea88c1f7e888c1f568050555691587156d1587157,808880088908893e8aaccead8ead86adf6add777d773f773f352f15271527152,8ead8ead8ead8a1d8b589159f159755975517557715771437142795269c27c82,e31ae31a1ce51ce5e31ae31a1ce51ce5e31ae31a1ce51ce51ce5e31ae31a1ce5
Group07_Song1_Music.mp3,aab9b6c9aab9b6c9aab936c9aab936c1a2b936c1a2b936c1a0f976c080f97644,849982f9aaf9e898f916d957dd07d506d626d626d546d706d546d506d706d426,aaa9aaa9aaa9aaa9aaa9aaa9aaa9aaa9b6a9b6a996e9d54a5562554655465556,a011e22a7eee1fd595d1e2006a2a6aae95d595d1ea2a6a2a6aae95d595d56a2e
Group07_Song1_Vocals.mp3,8aa58e2daaad8eacaaac9fbcaa8c9f3eea049f56c8441557c9545553e9505553,c800880489048d068a8786ada6ad86ad96fd977bb77bf5fbf1d2f1d271527153,8ead8ead8e2c8a5c8b5cd35853587751775571557157715371d279d269827888,d351d3512cae2caed351d3512cae2caed351d3512cae2cae2caed351d3512cae
Group07_Song2_Full.mp3,a94aa302a24ad235d6a556b7d4a457bad2846fabc8943fdbc9143dd9c9303ad9,d000d000902090209024b066a606a74faf4bef5bed5bef9bcf9bcfdb6dfa59fc,a24aa04ab040d494cdb44fb64fbe4fb45fb55db12a6b69cb2b59499129d17993,dab5f805324b3249cdb4da95324b324bdeb5cdb41249324b334bcdb4cdb6324b
Group07_Song2_Music.mp3,a94aa952a948edf294a456b1d6a556b1d6a556b9d2a057a9d2121fedd2123be5,d000900196a496acb6adb6aca964a966a94ae94ae95beb5acad3dad3d2d3d6b5,a524a524a52494a292b2d252da53da53da795afb5aa95b5a494a495a6d5e6ddb,8000800000000000800080000000000080008000000000000000800080000000
Group07_Song2_Vocals.mp3,a24ae726b24ac236b25ac736a05ae736a212e71cc094579d51957ed959b53ed9,a202a200a010b851b051a02a868a86aed7afd7addfaddfadcd8ecd9cddf459f5,a24aa24aa240d414c7944fb44fb447b457b555a52aeb6be92bd949d129db79e3,ca95e904326b326bc994c215376b326bca95cd941249376b376bc994ed96366b
Group07_Song3_Full.mp3,81a7c1078187c1078107c335a1078375a187477da8cd6e7daad86ef9ead87ef9,8a80aad1a304810680068007c107d127d13efcd8fed9f75de75de75c7ef87ef8,8107810781058145a955aa516af17af97af978fa78fa7cf87cf856e817a817ac,ecd1b4b113a417a4ecd1ecd113a413a4ecd1ec5113a413ae53aeec5bec5b13ae
Group07_Song3_Music.mp3,b4a3563db4a3563db4a35639b4a31639b4a31639b4a316b9bca316b9b88316b9,8182d8a3bcf1ac93a69ba63ca22dd36dcb44db56db56cb54d34cd944d146d146,94ab94ab94ab94ab94ab94ab94ab94ab9cab88cbc9cbcb4a6b4e6b446b446b54,8000800000000000800080000000000080008000000000000000800080000000
Group07_Song3_Voclas.mp3,810781078107c1078107c3078145c37d8145cb7d815dfa7da95d7efdab5d7efd,810781058104c106d122d122d522d422febafe98bed9aed9aed9aef9bef8bef8,8107810781058145a155aa516ad17af17af978fa7cfa7cfa7cfa56ea17a817a8,c8d1acb4372e3726c8d1c8d13726372ec895c8d16da6372e372ec8d1c8d9372e
Group07_Song4_Full.mp3,88e7c0bfa8a3e1ddf309265cd55922fed4461aa3dc441f02ffc41d406ed83f61,8388e788ff01ff01f389b033803f803f88f7823f8ae680f680fec0f67cd67f81,a0bba0bb80f3d2e4ca64d76cff6c75487bd87a883a89770b2a075e0608575c57,e668e66819971997e668e66819971997e668e668199719971997e668e6681997
Group07_Song4_Music.mp3,aaa517baaaa1179a952207dcd502278ad5422faad5101fe7f5185b67f7185967,85c08500c1009103d806980788a7aae5bafda6fba6f9e2f8efdcf59cf596d55e,aaa18aa383a2852a87a895c8878cb5cca29cf5dc66d475d46ad574537c737d53,8000800000000000800080000000000080008000000000000000800080000000
Group07_Song4_Vocals.mp3,9d76c0bf9d72e27cab99605cead9c07cd8e6c02bdce61f00df441f005e443f21,eba9ef99efd1ffd1eff9a2f3a03a802f800ed0069806800e802fd0765c577e85,a1bba1bb80ffc2fdc2ec436d756855685bd85aa83389372b370f5a060c561c56,ef20db3211961196ef20ef201196119eef21ee21119f11de11dfee61ee6911df
Group08_Song1_Full.mp3,830f837f830b837fa95b85fba94a87ffa842d6bca00056bce08856bcf49856bc,8c008000e800f800b800a002815280ff81ffc0ffc0ff87ffdfff7ff77fef7f81,8b0b8b0b8d0a851a855a955a9556d5565553749174a97ca97aa97aab78ab7cb9,e90ee90e16f116f1e90ee90e16f116f1e90ee90e16f116f116f1e90ee90e16f1
Group08_Song1_Music.mp3,85a985ec81a985eda16985eda14387fda04392fda843d2fca843d2fcea13d2fc,a800a000a800bd40ad40a10481a880bfc0ff80ffc3ffd2bbdebf7fbb7fb37f55,85ad85ad85ad848d808d8d8d8d8dad013d113f113f113f113f117f137f937ed3,ea56ea5615a915a9ea56ea5615a915a9ea56ea5615a915a915a9ea56ea5615a9
Group08_Song1_Vocals.mp3,8b478b578b5b8b5b8b1b8b1b8f1a8f3b8f2a8daa8d2ad5ac85a855ac45a854ac,84bc8f1a8b1bab1b8b838e168e56847cf425f0ecf0e4f705f165f0c5f0e478e1,ab0bab1baf1a855a955ad55ad5525556555254c954ad54a97aa97aaa68aa6ca9,80b99f897b46607685a99f89607662769f8985b9e07c7f466a5680b99f897a46
Group08_Song2_Full.mp3,8a5b94b5885bb4b5885bf4b5885bf5a58a5a77a48a5877a48b5877a48b7077a0,8a748a568b5ae19ee09ba1a5dad38858bca5f527f5adde0194017781758977a9,9ef59ef78ed38a5a8a5a8a799cb594a594a585a549696b4a6b4a610a75a475a4,9a7994b575a575a59a799a7975a575859a798a787485758561828a7a8a5a6586
Group08_Song2_Music.mp3,885eb4b7885eb4b58a7ef4b58a5af4b58a52f7a48a5277a48a5077a48a5277a0,9a748af48af58ab580bf80fd80fe807e801ff00bf50bf788ff007f807f017f21,96f596f79ef79ef38e738e738ef58cf58cb58cb58940494a694a690861046504,9e529e5261ad61ad9e529e5261ad61ad9e529e5261ad61ad61ad9e529e5261ad
Group08_Song2_Vocals.mp3,8e519e318e519e338c5b9c5b8c5b9a5b8a5b9a4a8a4a4bca8b6a4bea8b6a4bea,9c618a708b5aaf5abf02b433981b8a5be4bcf7e4f1e4d08dc08dd18df1ad618c,9ed19e538a5a8a5aca4bca49d82dd4a554a545a54b2d6b4a6b4a75aa75b635b4,90e5b4a535be35a086e19e2d34be61b680e59e6d1fa06192791e9a7fca4b61d2
Group08_Song3_Full.mp3,f410e03cf410e07fe4b0c07fa5b0c63ba5b0c63ba5bac73ba52acf8aaf0a4f8a,a900a402e430d0b4d495d495d495d095db16dbc29bca9b4b9b6bbb6b3b6a1aef,e07de07de07de02baf0baf030f030f830f830f831f831fc21fc01bfa52fc50fc,8e0ac07c71fc70fc8e0a8e0a71fc71fc8e0a8e0a71fc71f571f18e0b8e0371f5
Group08_Song3_Music.mp3,fc10f03efc10e03efc90e07fad90817fa590837fa5d2c37fa502c70fad00c787,a940a540e4fcd4bed69ed29ed292da92da12cb238b218b61ab61af69ab6d076d,f87cf87ced78ad48af01af01af03af032f032f030f010f810f8350ff50ff50fe,87e0e0f8707e707e87e085e0707e707e87e087c0707e783f781f8f808f81783f
Group08_Song3_Vocals.mp3,e175e077e135e03fe035e03fe035e03fe03de03fe03de03ee02bd03ad22a562a,e035e035e03de079e013e135850587c18ff09fc09fc29fc09fca9fc29fca9fc2,e075e075e077e03fe20f1f0f1f801fc01fc01f801fc01fc01fe01ff81bf87af8,f09bd8bd39f86978f025e01a59f819f8e04bd407ab4a1ff40fdae00bd4852f4a
Group08_Song4_Full.mp3,a0918045a091824ca0994b4e804a4a6ec06a4baeda667fafdb6e3fb7db6e37f7,bfd89e5b800380038401801180058008b380fbeafbacff8efbec7ff67ff47fea,a088a0888aaa8a6ada6ad35cd75c5555555555755df67df46ba669a629a669a4,b8c7b8c747384738b8c7b8c747384738b8c7b8c7473847384738b8c7b8c74738
Group08_Song4_Music.mp3,a8aa1f7aa8aa1f7aa4ea1f7aa4e21ffa95511ffa95510efad5550a6ad1550008,9e509c59807381f785e7a5e2a5a2ea80fa88fa18fa1cda2cde15d515df05d555,be7a9e7a9e7a9e7a9e7a9e789ef89ef89eacdaacdaa44aa440a442a440a44084,8000800000000000800080000000000080008000000000000000800080000000
Group08_Song4_Vocals.mp3,a015804da015c24da00dcb4e82084b6e820a4befc22a7fefca2a7fffdb2a3fff,800880088410ac10ac3084148015c10df141fbe3fbe3fbeffbe7fbe67ff77fea,a08880888aaac22ad22ad15c515c55555554555555f75d777be67bf62ba66db5,930c87186cb16eb1930c930c6eb16cf1930c930e6ef56cf16cf7930e934e6cf3
Group09_song1l_vocals.mp3,8c15a495cc15a4a3cd55d5abd16f55ab83ab54afa3ab5825a7ab5a34b4a85a54,8183c10d8e4dda5ddc54dd55d957e156a692ae30aeb2a6a2b2aa36ea34e236ea,8f558f558f95838fc1abd1abd0ab5022542254327836785a586a7aea76ab35bb,daaadaaa25552555daaadaaa25552555daaadaaa255525552555daaadaaa2555
Group09_song1_full.mp3,a494a4938414a4abd968596ad96b596fa3af5d35a3ab5d14f38a5b54fc504b54,a4828100c34dd969d96cd963bc17a69ba680ee10ae90a69326af3cff5b6f5b6c,84d584d58787a38ba1abf1aad02a70225c207c3058747c7c5a787aeb5ebb75bb,ca5aca5a35a535a5ca5aca5a35a535a5ca5aca5a35a535a535a5ca5aca5a35a5
Group09_song1_music.mp3,a4b2b492a4b2b4b281a1e96dc96d696dc96d795d8974595cc974595cc96d5354,a4a0a032c020c021c1a3e3cca693a6d396d292cb96dffd5cfe5c7b1d7b4c5b5d,a4b2a4b2a4b2acb2ac72ac74ac742f742f642f640f644e654a657e4d5c6d7c0f,8d7ce83f7017701f8d7c897c701770178d7c8d7c7017728372838dec8fe07283
Group09_song2_full.mp3,951a8b05b41acb0fe43c646eea657466ca6574e2ca6574eacb6534dacb0734ba,c000824ce24cf068f0b3b092bc929d9f8f9b8faf8f0fcf448fc7474373e170f9,961c821c860eca4ccd4ccdc5fdc369a374a370a330ab6ba971f9697975587d51,8000800000000000800080000000000080008000000000000000800080000000
Group09_song2_music.mp3,b03ccb85b03c8b8fb01c07aeb01847be990a677e8f0b756ac7037572cf237476,8400b44890429040f959ba1cba9cf8bdf8b5ef77ef37cfa3c7ab07c307c30743,b07cb05cb05cb44cbc0ccf06cd87cd87c9874ba749a74ba347b147b315b445b7,8000800000000000800080000000000080008000000000000000800080000000
Group09_song2_vocals.mp3,871a8b05871a8b078707ce678e0766678a2774e78b0f74ea8a0f74faca0f74ba,870f8f0f8f1d8e2886a2e9b38d9395509718f0ccf08cf0f8f8f478f470f870f8,87078b078f078b078b07cb47cda348a374a374ab74ab70ab70b9797975587958,806fc07e7cf074fc806f806f7cf07cf0806f826f7c907c907f90832f830f7f90
Group09_song3_full.mp3,98638c3998638c7df0c77b9ff1c77b8bf3c3730afb0b7702e7896500cf890400,b8c79c67b8e7f1c7f0e7f1e098708c718c7880388e388f380f184f1c678e679e,9c679c679c67987b99dbdbda5bda5b9a7b8a7f88768576837203620360404340,9f079f0760f860f89f079f0760f860f89f079f0760f860f860f89f079f0760f8
Group09_song3_music.mp3,b0e6987fb0c7b8ffb0c3998ff0c31f81b8c71f81b9c70f00fbc74600fbc94600,b8c7b8c7f8c7f9c7f8c7b9e3986188708878c638c63c873c0f3c47386718471c,f0e7f0e7f0e7b8c7b9c79bc79fc29fc09f811f813e817f017a017b0063104330,8000800000000000800080000000000080008000000000000000800080000000
Group09_song3_vocals.mp3,8e398c718e718c719c6489d09ce471da9d78715a8d7871da8d79619a8d79639b,9c719c709c74a6a4a6a6e4cce498a6c98e19f209d91bf30bf38a73ce738e6386,8c258c258c658c798d798d59c95a495a49da638e629e629f72d762d372c772c7,897881f163c763c388708b7871c373c789788c78638e70c7778f8e389c38778f
Group09_song4l_music.mp3,804098888000908e810166ffe3116fdea6047fdece867fffe2967777e2107f7f,8000800080008080b18cb1439463888088c6ca32dcf3efffbfff7fff7fff7fff,900d900d90048204a214aa04ad66bd6f6d666d666fec7bdc7bf97373537353f3,e60ce60c19f319f3e60ce60c19f319f3e60ce60c19f319f319f3e60ce60c19f3
Group09_song4_full.mp3,800080018000c20ae01073deb3187bdef1d47ffffbd67ffdff722c31fd33ac21,800080008001e030ac30ac008000800c8007ec67edffffffffff7fff7fff7fff,802180218001d147d3ce53cc7f9c6e9c6ea46da4752a7d7a797a7bde73d45ad4,d540d5402abf2abfd540d5402abf2abfd540d5402abf2abf2abfd540d5402abf
Group09_song4_vocals.mp3,84018401840180088000d3de801453ded1157bffd1577fffd17f6fffd16f2eff,80008001800080108410ae90ae80a60cc667fc66ede6ffed7ffe7ffe7ffe7dff,802180218021d101d1cdd3cc7a9c2e9c2e9c6cac752b757a7d7e79de7bdc7bd4,d05580552faa2faad056d0552fa92fa9d055d05655ea2faa2fabd055d0552fab
Group10_Song1_Full.mp3,a514ad36a4040feec2a81eeec2a01efea4442dfea0401fead2695bffd64957d4,e18092009668ce60cc608c2eec2fed3fad35e595a19db18bb18bb383dbcbdbc3,a5a4a5a4a5a4a584a184a1a6a1a4c1a6d1a2d9e6d952597359575d775d5b5f7b,800080007fff7fff800080007fff7fff800080007fff7fff7fff800080007fff
Group10_Song1_Music.mp3,a2a22eb3a2a20eb3e0a20f73c4201f7bc4201ffbc4a21ffbc40a17ffd70a53dd,a0808482ec12ee36ce318675c67fe67dea8feaecf3cfb1cd91cd91c191c191c0,a4a3a4a3a0a3a0a3a0a3a0a380ab91abd0a9d1e1d0e15d715d795f7d5f7d5f7c,800080007fff7fff800080007fff7fff800080007fff7fff7fff800080007fff
Group10_Song1_Vocals.mp3,a65da497a24fa693b2484ab4b24c4ab5b245acb5b74545b4b74e5d2a974a596b,b67eb26cb264b24ce29ccc91ac91ed92ed93cd93cd83cd22c926cb2cdb28d928,a2d5a2d5a2d5a655b553b552b55255525552555a552a5daa5daa49a859ad59ad,b634803f5dc15dc0a23fb63449cb5dc9b634a23f7fc049cb5dc0b236823f5dc0
Group10_Song2_Full.mp3,801ec01f80075cfdd6857de8d081294fc00a2fa5dec03fa67fc83f7f7d48381f,8000800080008005900580078007803f817fef7fff7efffafffa7ffa7ffa7ff8,801f80178015801ac06266226c227c4a7f897fe07f497fc93f997ff61bb47ff2,ba26ba2645d945d9ba26ba2645d945d9ba26ba2645d945d945d9ba26ba2645d9
Group10_Song2_Music.mp3,a02682b6a02680df82145cdbc2157df9d2913dbdd0823dbec0823dffcfc23d5f,800080048004801680179013b031b92dab2fafebbfe8efe97de97ff97fdb5feb,a0668266824482568842c982e98169916d816d996d897f897fe97fd937fa7ffa,ea76ea7615891589ea76ea7615891589ea76ea76158915891589ea76ea761589
Group10_Song2_Vocals.mp3,801b801b801f806780953fe485a53fe4811ba742805a3feaa27d7f7c7e7d7d7e,801b801b809dc195819d9d8da19b8018c25aea52fa5afe62ff627fe07fe47fe4,809b8097801580138032a626a422366e3eec7e6c7e697f697dd97fb47fb07fe0,90a190a16f5e6f5e90a190a16f5e6f5e90a190a16f5e6f5e6f5e90a190a16f5e
Group10_Song3_Full.mp3,88f79cc788f59cc782b8758980ad554d80fd556e81fa774a817a6750c5786771,803980398039803db8a798cf9cc7bec6bdc6fd42ff42ff42fd46f70867186710,8ab58aa588ad95e99569d56a857ac45ac65a675a6750654667666b567b107716,800080007fff7fff800080007fff7fff800080007fff7fff7fff800080007fff
Group10_Song3_Music.mp3,817e3d61817e3d61807e3c61807e3e6180fe7e6180fc7e6180fc7e6180fd7e71,809c809c80168216a212ab5aeb50fd42fde3fda9fda9dca1fca1fea1fca1fc81,8b548b548b54825482d482f482f482b482b4d6add3ad57a9772f75ab7d2b7d2b,800080007fff7fff800080007fff7fff800080007fff7fff7fff800080007fff
Group10_Song3_Vocals.mp3,9c439c698c529c6388d692a698d652a69cd256a59c7375259cb565bdd6a565b9,9c639c639c52885aa8528ae49ce58965e328e7b9e3b9e30de32de39c639c639c,8852885298d29ce696a596a5966da66d666d672d65ad65ad65a9652b631a7399,9c219c2163de63de9c219c2163de63de9c219c2163de63de63de9c219c2163de
Group10_Song4_Full.mp3,85b4c1e885b0504edb117e36cb6932b683683438c3e83d1b6ded2d177ee53c17,85f08ff0bd19ff19f9138001800180828006c40ce4cecceec3eedbef7f7f7f1f,859085b881b88168c0644a65cae55a6b5a6d796775667d46778f7e8d3e957e03,cb64cb64349b349bcb64cb64349b349bcb64cb64349b349b349bcb64cb64349b
Group10_Song4_Music.mp3,a6dac4cca6dac4eca6b448c3c9a45843c9b4584bc9f66516c9fc2536cbfc3f06,83fe81f6a3b6a698a689a688bc89bc09a448c058c05bc96fdb275b275b765b76,a4daa4da84fe81fc81fe81fd83edc3edc3795b685b605b215b215b017e007e05,8ff08ff0700f700f8ff08ff0700f700f8ff08ff0700f700f700f8ff08ff0700f
Group10_Song4_Vocals.mp3,83fc81e683dcc1e783d87e5b8b58345881dca49c80b43e9d7ca43e0b7d263f0f,80f881f881fc83dc83d89a59c1548078b4a3fd26ff26fe03fc537e037e077e03,83cc83dc83dcc5b249725972497269627d337d2364ab67a2671636563e593e49,c1bec1be3e413e41c1bec1be3e413e41c1bec1be3e413e413e41c1bec1be3e41
Group11_Song01_Full.mp3,a1ab9caba12b98eba12b9aeba1029aeba1229acfa102decea102dedea146dede,80028000a100a104a1a49cab9eab9eab9eabdeb9dfbbdeeade5adf54e754e754,b4abb4ebb0ebb0ebb0eb90eb906b98eb98eb98a3d8a35ab25a905a944b944b14,800080007fff7fff800080007fff7fff800080007fff7fff7fff800080007fff
Group11_Song01_Music.mp3,a105f15ea105f15ea105f15ea105f15fa105f05fa105f25fa10dde5fa10dde5f,80008000a000b104b154e554ef56ce72cefadeebdeabdeabdeabdeabceab8ea8,b144b144b144b144b145b145b145f145f181d1b1d1b94db94fbb4fbb4ebb4ebb,800080007fff7fff800080007fff7fff800080007fff7fff7fff800080007fff
Group11_Song01_Vocals.mp3,8cab9cab8cab9cab8ceb8cab8c6b8cab8c6b9cab8c6b9cab8c6b8cab854a848a,84cb84ebad22adb698a198a99aa9b2a9f235f311e314f754f354e354e354e354,8cab8cab8cab9cab9cab9cab9cab9cab9cab9cab98abd2835292525453545354,81cf81cf7e307e3081cf81cf7e307e3081cf81cf7e307e307e3081cf81cf7e30
Group11_Song02_Full.mp3,9b0ab30e9b0aa30a9f4a894a9d62994a9d72d1c79c73e5d79cf564959cb56095,8fd28df68d748d648b8883889808f20ef20bf20bf20bf20b72b574b56cf54ff5,9d4a9d4a9d4a9d4a9f4b9f1b9e93ca93c293c293e29162b562b562b560b560b5,9ad29ad2652d652d9ad29ad2652d652d9ad29ad2652d652d652d9ad29ad2652d
Group11_Song02_Music.mp3,8d168b0e8d168b0e9d169b4e9f7799c79c77b1c39c71e0cb8c31e0cb8eb1608b,8e4b8ef7886d9c64dd54c5499150d390c196e00ee28ae08366cb76eb66eb66fb,9b069b069f079f039f1b8f1b8f1bae1be61be61be61a660a662866a860ec60ed,9fe19fe1601e601e9fe19fe1601e601e9fe19fe1601e601e601e9fe19fe1601e
Group11_Song02_Vocals.mp3,b26bb26bb26bb66ab66ab44ab54abc4ab64ab44ab64a9c4ab64a9c4ab44a9c4e,b24ab44aa56aa76ab36ba293a213f815d2a5d2b5c9b5c995c9b4cd94cd94cd94,b54ab54ab54ab54a944a944b964b92e99aa99aa95aad5aa55ab54ab54ab54bb5,8dcbf78b4bb759f7b56b8deb63974b9585cbb54b88f162b540148448b7084814
Group11_Song03_Full.mp3,8a8b8aab8a1b8a0b8b1b850f8f1b851f8f13851f8f13c53d8f16c5bd8716c5ed,8706800484048e878e89828bba8bfaa9f2baf878f87af932f970f97475f475f4,8b1b8f1b8f1b8f1b8f128f128f1a8f1e8f0e970c978c55ac74ac74ac70ec70e4,800080007fff7fff800080007fff7fff800080007fff7fff7fff800080007fff
Group11_Song03_Music.mp3,8f138d1f8f138c0f8f138c0f8f13840f8f13840f8f17c4af8f17c4ad8f17d4ad,8303820282038e838d978506d544f554f054f874f874f8fdf8f97af87bea7be8,8f138f138f138f138f178f178f1e8f1e8f0c8f0c978c57ac70ac70ac70ec70e8,8000800000000000800080000000000080008000000000000000800080000000
Group11_Song03_Vocals.mp3,9aabbaab9aab9aab9aaa9a2b932a932a933a93329bba913293ba551293325556,9aba9b2a9a69ca4daac9aa89a699a695d4d2c564ed369536ed64e554c554c554,9b2b9b2a9b2a9b2a9b2a9b3a9b2a9b2a9b2a9b2a9b3289b26db46c9464d464d5,9b52bb5264ad44ad9b1a9b52654464ed92ab9bba2d54654564e59aba9abb6445
Group11_Song04_Full.mp3,99859d95998595458ac7874582c7866786cf87d987cbc7d987cb479887eb4630,8707878787e58067a0e5abf4b81df918f8b8f89afd98f898f818f45166706623,9bc592c592c596cf93cf97cf8fc78bc78bc38b8b860b640b681b681768706c70,842ffffe7ff07ff0842f842f7ff07ff0800f800f61f07bf06140800f800f69d0
Group11_Song04_Music.mp3,8a8784c78a8785478ac785458ac785d18fe785d187e787d987ef971887ea5718,8f07878787c9800de2e5e6f4e02efa5aea4afc0afc18f81af91cf1117531d531,8ea78ea78fa78faf8fab8fab8fa38fa38fa287a2842b400f7007701578547054,942ffffe7ff07ff0942f942f7ff07ff0900f800f68c07bf06840800f800b69c0
Group11_Song04_Vocals.mp3,99959995919591d591dd924c924d924c92dd92dd90dd92d991dd9ad992d962db,99d991dd9554955695469d4cad89a52291abeaa2eab3eaa9ee23e622e6a2e622,91d591d590d590d590d590d590d591dd91dd99dd99dda9596c1b6e226e2a6e2a,bbddbfff6f766f779b8d998d67776676908d908d400266724002988898886662
group12_song1_full.mp3,92aab2aa9aaab3aa8a52754d8c50654d85556d558d556d55cd556cd5cd454ed6,88508010e954a356b342b2aab2aa92aa94ab92abdea9cdbdcdbdcd5dcd5d4d55,9a3a9a3a9c319d358d758c6d8c588e5a8e5acedacc524d5a4d566986695663ae,800080007fff7fff800080007fff7fff800080007fff7fff7fff800080007fff
group12_song1_music.mp3,8e187c978e1874978e1874d78c1874f7840875ff940855ff940855ffd4005f7f,88008400a502a562a1e2a1c3aa53aad5dabddabddebcdfbdd71cd71cd71ad788,8e388c188c388c188e388e1c8e3c8e3c8e3dca258e2d5be55b6d7be57b6571e7,800080007fff7fff800080007fff7fff800080007fff7fff7fff800080007fff
group12_song1_vocals.mp3,9a559ad59a559b959b559db59b5664a2925265aa9172656e95526d4995526d49,9b159b559159d1499a35bab59a959a92d4d2e452e4cae4aae4aae4aae4aee46a,9b559b559b16919294b2b2b2aa66aa6daa6d2a496549658a6c8b6cab69ab6da3,958695866a796a79958695866a796a79958695866a796a796a79958695866a79
group12_song2_full.mp3,a1bdc3fd81f8d3ff97d07fc3d7d23e0780d63e06c6523e028e663e048a6e200c,87fc87f8d7d1dfd1ddc18bd183b9a2bcf82da82caa2ef82f202f280c78027c03,81f983f983f9867e967e3e5eae1e2e1eac8c3c8c3c847c85788c798939417243,87ca87ca7835783587ca87ca7835783587ca87ca78357835783587ca87ca7835
group12_song2_music.mp3,aaaadfffaaaeffffd7767f9b857e2a93817a2803c55338018159280081796800,83fe85fed556d556f736fe27eaa4aaa8cb81eaa9eaa988a9a88b200b10115555,aafecbfe83fe83fa82fa82fa82fec2fa80fe817e805e155e0454541474147505,83ff83ff7c007c0083ff83ff7c007c0083ff83ff7c007c007c0083ff83ff7c00
group12_song2_vocals.mp3,81dec1fe81fec1fc83a8d7c481e85e45817a7e05833d7e0187176e0e9717686e,81fe81fa82a888e888e880c885c4a116fd12fd16ff17ff17ff05ff057e417e01,81be81bc81bc973597171707b707ad072d077cc77cc77c553895395538a07e21,8785952a68f278fa97059705787a68f2970b87855d6a68f268fa970d8785787a
group12_song3_full.mp3,8e18d5208e18d020ae19a8e6b40ba0e6d58f81e6d5cf05f6d1ef14f3f3ef14f3,8e3eaf5fee4bf44be003a80082108018c010c010d4b4dfb49dfe5fff77e775e7,8a188e188e199619961cd5be97b6d5b689b655e665ec55ea70aa51ab28d57155,c7f9c7f938063806c7f9c7f938063806c7f9c7f9380638063806c7f9c7f93806
group12_song3_music.mp3,a70cd604a70c98c4a70898e5ad0b98e5a96398e5b9e398e5f9e798f4f1f718f0,9e8eef4ee729e729e329e308e308c018c014909698d69cd69cf79cf71cf518e7,8f088f088f088f0e8f4e9ace9ade9af69af658f758f550f570f170b1613070e1,bbc3a343641c5cbcdfb7ab43a24064085dbfdfb7a340a04860485fbf5fbf2048
group12_song3_vocals.mp3,8d4ed8968d4e99b298e6a93298c6a15f9ac6a0dfd2d632df52d6525952d24659,9c8698c698e698e688e7b807b8818f08e708e739e739e739e319e319e3396739,98c698e698c6d2c452915691559b759b659b66bb62b5429553d5555b756a652a,d600f8436d1179079e1090476d306903d60196466f0f6d396bff92fc92fc6fbd
group12_song4_full.mp3,a3638615b1e38e0cf8f44cc9f8dc4d89de5c6dd0de1c69d0de1c3970ce0f3132,bb5efc5ef85ef8dcfc5cb6348361836183a38781878183a387234605762f7c8c,a957a957a95eda8ad0aad6bed67dd6b5c6b556b465d455c4615150c929482a28,d556d5562aa92aa9d556d5562aa92aa9d556d5562aa92aa92aa9d556d5562aa9
group12_song4_music.mp3,b1b19b1bb1f10f4ffc7844c4f97740e0da376ca4da176ca4d2076ce4d2076c4c,9333ef67fd67f977f83cb8f8b9b8b19880d882d882c88392c706cf064e064e0e,a121a121b161bb7bd37bda5bda73da53da575a1752b5529646b4461e25cc050e,f62af62a09d509d5f62af62a09d509d5f62af62a09d509d509d5f62af62a09d5
group12_song4_vocals.mp3,830a87068b0b8fc6980b4ec6980f6ee4ce0e6ceccc4f2de9cc5f31fdcc1f31b1,8e8f8e0f980f980f928b87cb87e287a2e370f374f374e470f470e46c70f070f1,8f8a8e8a8e8fcecdce4d460dc61ac75a465a47537571656575246964793479b4,ce0dce0d31f231f2ce0dce0d31f231f2ce0dce0d31f231f231f2ce0dce0d31f2
Group13_Song1_Full.mp3,807f83e880fed36ccff0720d87a2360de6a77c41ff777c00fe0d3c00ff0d41a0,803e87fccff0cfa081f084f280f6805f901fd80df81ffe0ff6077e037e037f00,81fe81fe83fca39dbf1d3e3b3e737e637ca34c8b600c600c728c7b807d806d02,bf85b723487a487ab785bf85407a487abf85b78548cc407a487ab785b785487a
Group13_Song1_Music.mp3,b05fb6faa07f595ecff0585f8fa026558da24f40cdb64f0085b30f81c5df4901,819685f2cfb2cfa08fa083b8b218b07fb07fb05fb04fb64fbe03fe03d7014f00,a6fba6fba6bb84bb80bfc1ba81bac1bec1bac1bac1ba57aa76085b005f005b04,8d908d90504d504d8d908d90504d504d8d908d90504d504d504d8d908d90504d
Group13_Song1_Vocals.mp3,81f6816881f6822881f6320ba4fe7609e7f67c41f7fc7c01ffdd5d017f8c4181,837e8ffe9ff481dc80fa8072803781368388db80df88fe01fc0ffc457e497e09,81fe81fec1feb31c3f1d3e3b3e733e637ea3602b600c600c708c7b807d836d03,f35da7f048224820b7ddf3dd48a2482297fcb7dd09fc48224822b7ddb71f08ea
Group13_Song2_Full.mp3,840080008000b229d0587fbfd4187faea0506ff6f9f94fdffb394f5ffba90556,8000c0008040a254841a840a84048040fdbfffe9fbfdfbbdbdf41d9d7fbf7fff,80008000a000d021d4ab559a509a5a9b5e8b3f1f3b1f3b596fe76fe74ff76bf7,f1c9f1c90e360e36f1c9f1c90e360e36f1c9f1c90e360e360e36f1c9f1c90e36
Group13_Song2_Music.mp3,860687868646a6a6c444b9b0945039f1f05079f1f0515bf3f8795bf3f9b85bf2,9000d000c000d009845f864f874fafeeafb6afb6afbefbb2f9b9d93858397839,84068406c406e410e400f000f010b131b1b1b9f939f93bfb3bff3bff1bff1bef,d555d5552aaa2aaad555d5552aaa2aaad555d5552aaa2aaa2aaad555d5552aaa
Group13_Song2_Vocals.mp3,800080008000865f92115fffc6034fae80864ffea0f36ffff2296f7fdaa96f7f,800080009020b320b31ad81ac81080008d5dad65edc5cdeddffeefdf7fff7fff,a000a0008060c2a1d4ab54aa549a568a5e8b5f1f3b1b6f5b6fe24fe74ff76bf7,f2e1f2e10d1e0d1ef2e1f2e10d1e0d1ef2e1f2e10d1e0d1e0d1ef2e1f2e10d1e
Group13_Song3_Full.mp3,871b8f138f1bdcacc8ec74ece8c470ece2d07961f0807973f0a43b5370e40f5b,a000e000f080f0c0c8c0a0448e1a8f1f8f3f9f3f9f3f8f3f8f9f77cf71e770e1,8f1b8d1b8890f284f0c47144f14472e4766457668d1a4dab66b972bd736b717b,d185b2640dbb0d9bf264d1912e7a0dbbd185f2644d9b0ffb0d9bf004f2640d9b
Group13_Song3_Music.mp3,b362ab62b36270e6d2d070f4ea5069d2e05055d5d48057fdc5003b7ecd0c1fff,8800c000c090d0d2f252f8d2b2e6b363b72fb72d8d2d8dad8f9dcf9fcd9d4d99,b262b062b062f020f000e080ea80ee88cfd04fdd4fdd4fdd0fdf0f9f0ebf0cbf,d014d0142feb2febd014d0142feb2febd014d0142feb2feb2febd014d0142feb
Group13_Song3_Vocals.mp3,8f1b8f138f1b8cac8d6c72ec8c2c72e4869c78638694797372b4515370e4d75b,8f2c8f2c8cbc8cac8e2c9e0e8d0e8f0acb53f0d1f0d3f1d3f343f0c370e370e1,8f1b8f1b8e9da29432c4314c314e76647664566e950b7dab74a972a173697173,85d134645b0b5b3ba4e485917a2e5b0b8cf0a4e4dd1b7b2f5b3b84d4a4e45b1b
Group13_Song4_Full.mp3,83e883f083e0cb9287c37e8bd4517c20fe157d3efe073d0efc0f3a08dc272259,bc8ab103fa03f903d38183d087c083f083f083e080e4ec7ee47f7c7f7c1f7c1f,83f083f083e2f667fc66dc129c5a5c485d49551941bd413d7d2f7c0e7c4e08fa,fc66fd6a0389039dfc75fc75038a038afc76fc750a950389038afc66fc66038a
Group13_Song4_Music.mp3,b54d8aeab54d8aa3bd6dcaa2ba6dcaaa92c55abada8661f8da9262b8c89262b0,888ad8c698cf98e7bc6cba2db735b765e545c5d0c5d0c1dac391c2bac2934ab2,bd4ebd4ebc4ebc4abc4e9cce95c6d492d494569257904290439142bb63bb6aab,8000aaad2aad2aad8000aaad2aad2aad8000d5522aad2aad0000d552d5522aad
Group13_Song4_Vocals.mp3,83f085f083f097c283d27e4383e07c60e7e47d26ff267e0aff643e0a95653a48,87c083c0d381d281c38185d281ca80bc803db82dbc6ffc3efc3ffc5f7c0f7c2f,83b083b083a2f663b4729cd28cda1c4a1c4a556941bd612d7d2f7c0e7c5e7cfe,fd20f52a06df02dff8a0f820075e075ffd20f8204a9502df075ffd20fd2007df
Group14_Song1_Full.mp3,8b518f5789518f4789048faf88805eaf84a076adc6a076bff22076bbf22876bb,80008000e000e104c98491c58bc78f5f8f5f9f7f9e7f9eff76b876f874b974b8,8917891789078f238628b6a8f6a876a876a876ac76ac72a472ae72ee734e754b,840884087bf77bf7840884087bf77bf7840884087bf77bf77bf7840884087bf7
Group14_Song1_Music.mp3,a000df3fa000df3fa000ff3fa0007f3f80007f3f80007fbfd0007fffd4027fff,80008000800080008040a001a291ebbbfffd6eff6fff7fff5dbf5dff5d2e5cee,b310b310b310b310b3109710b730d730ff227f227f225f237f235fa74fa74ca7,800080007fff7fff800080007fff7fff800080007fff7fff7fff800080007fff
Group14_Song1_Vocals.mp3,8dab8d2a8dab8da28d838e968d838ad68f9392568f9b52568f9372148f97725c,8f078f878d8b8d8b8d8b89ab992a932ad636f234f274f254f254f254725472d4,8dab8dab8dab8fa38636965452545254525672567256725772577274727c723c,871483c761eb61e38714871461eb69eb8714971469eb68eb78eb97149e1478eb
Group14_Song2_Full.mp3,8042d0438002d821a920dd31a320f73ba210d6fbc2047dffd6853dbfd7bd3fff,80008000d100ad24a164ad79c979a8ead0c6dadbdadfd25bd6da76ba3fbd2fbd,c040c040c040c0008200a711a719a739a739b53d253d2dfd2dfd7dff7dff7dff,800080007fff7fff800080007fff7fff800080007fff7fff7fff800080007fff
Group14_Song2_Music.mp3,a5d1cbb0a5d1cbb0a5d1cbb8a5d1cbb8a1b1df3883a2de4892a25e4ed2a27c4e,8000a100b1dcb5bea5fab473a4dfb5dbfbd9cabcca2ccb24ca25cb25ca25ca25,a5f1a1f1a1f1a1b1a3b1a391839183938692c282d68a5e8a5eca5eea5eee5eee,800080007fff7fff800080007fff7fff800080007fff7fff7fff800080007fff
Group14_Song2_Vocals.mp3,ca2aca28ca2aca28aa08c919ca48d15dca49d14dca49dd5fc94b75dfc95b37df,c209c808ca03eaa1e8a6e8a4e9a4a526b4d2b752b7db955db75cb7d835d435d6,caaaca2aca28c849c149d158d558d55c555c155c3555355535d735d735d735d7,c040969236bb36bac840c84036ba36bac940c9446ffe36bf3fbfc945c94536bf
Group14_Song3_Full.mp3,a84b804fa84b804f804bc057805bc05b891bc03f891bc67f897ac7ff95fa57ff,981080008003801b80038045804da0decb9effa8ffdceffcfff47ff87ff07ff4,a84aa84aa85aa95aa154a154b154b154b154b1d435d435de74ca74ef5eef5eaf,bdf09cd44a0f480fbdf09df04a0f4a0fbdf0b5f04a0f4a0f620fb5f0b5f0420f
Group14_Song3_Music.mp3,ac84add5ac84bdd5ac849d458c859d558c84d5758c84f7798cacd77a88a8d77a,c00898c098cc98ce998fb1d7bc34b996f483f6cae219e7b1e731e711e7394369,bca4bca4bca4bca4bca4bca4bca4bca4bda4bda4bda4b920532a531b435b435b,8000800000000000800080000000000080008000000000000000800080000000
Group14_Song3_Vocals.mp3,a027a027a025a025a02da02da12da12da12da12da12da17da5fda7fda7fdf7ff,800b80298005c015c015c021882a8b299f84ff94ffb69fcabfcafff27ff67fd6,a025a025a02da02da2aba3ab33aa73aa71ab71eb75ed7465547754565c565f56,87a987a97856785687a987a97856785687a987a978567856785687a987a97856
Group14_Song4_Full.mp3,80f087b3aab007f4ff007c6cff04756cc4097f6d800f7a1bc04f7a4fc05f781d,b800ea00fe10fe11fc13fe0783e887f087f087f887f883ef80ff00ef00ff701f,afb0afb0aff08764836d826f824f024f0a4f004f014f016f517d51bd7fb877b8,8006fe007ff97ff8800680067ff97ff9800680067fe07ff97ff9800680067ff9
Group14_Song4_Music.mp3,a0363fe8ad063fecaf003fdcaf003f5caf007e1fbc007a1e90c95a1ed0d9d81e,8010a908ff01bf01bc03ad92a4b6c4b2c1fcc5fcc1fcd2fdc27f927f027f5a13,bf40bf40bf40bd48a90b801f802f803f803f003f007f007f017f57fd7ff07ff1,8000ffc07ffc7ff8800080007ffc7ffc800080007ff87fff7fff800180037fff
Group14_Song4_Vocals.mp3,87f982d9a7f88372a7f8513687b2513687f3532481237b6c81275fec80275cec,877283f0a5f9fef9fcb9fee183e487c78f029f079b0698068006f0077807780f,82f8827a823a81338333ab27af672f673f673d671d2658a65096529e7a8c7a8c,8132d3607e487e48813283327e487e48813781377ecd7ec97ecd81b781b77ecd
Group15_Song1_Full.mp3,924080109000c81180006c3780817f7fcc937fffcd9337ffcd9337efcdb737ed,800080008000800080d0800080008200b376f77dffffffffffff7fff7fff7fff,9048904c90c588954ab24ab24ba249b24f324f12775b375f374d376d376d77fd,86ea86ea7915791586ea86ea7915791586ea86ea79157915791586ea86ea7915
Group15_Song1_Music.mp3,8220e0008220e0108200fc5e8200bdff82913dff8c993dff8cdb3fffccdb7fff,80008000c000c090e090a250a200a020dd22fb6bff6bbfefbfff3fff3fff7dff,c200c20082008000990a99469e4696c79ecf9e871ea71cf71dff3dfe7ffe7dfc,8ae98ae9751675168ae98ae9751675168ae98ae97516751675168ae98ae97516
Group15_Song1_Vocals.mp3,98ce9dc698ce9dc798eecda798ee4c3399e64253d9b6621159b662045db4264c,98ce98ee98c698cc99ce99e69943a69be212e219e711e738e711e73167316731,9ccd9ccd98c598b54ab24ab24ab249b249b24b12665a7749b74d376d336d6335,83a883a87c577c5783a883a87c577c5783a883a87c577c577c5783a883a87c57
Group15_Song2_Full.mp3,800bb33b80036bfdc0044ff4800456f69000eefe98606fec7dc06dfd7fd16dfd,800080008004c004c00580048002bb90fff9fffbfffbbffa3ff23ff27ffe7ff4,800f8007800790b092a03fa075287d29654d7f414f557ff04f765ffa447f6fbf,800080007fff7fff800080007fff7fff800080007fff7fff7fff800080007fff
Group15_Song2_Music.mp3,c0033ffb80033ffb800657ff80044fff80044ffe91404ef6bb416ef43b616ef4,800080018005800680068004c040f981fbb2bffbfffbfff07ff87ffc7ffc3ffb,c40fc00fc00f808091803bb0bb103b31bb033b332f5a3ff04ffa3ff2447f7f7b,800080007fff7fff800080007fff7fff800080007fff7fff7fff800080007fff
Group15_Song2_Vocals.mp3,b37bb3bbb3728ba3b3704ca6b17096b2b3702ea2b3706d45a1f04d4d90f0454d,b3b0b3b0b352b9519943bf4bbb4b9f0fe64ec68cc48cc4a4c6a4cca5cc85cccc,b373b333b3b2b2b2b2b2e6a464ec656d656d456d4945494549454d4f6c8c6c8e,b1ff3b384e044407bbf8b1f944074e00b1ffb1ff3f3044074407bbf890ef4e06
Group15_Song3_Full.mp3,900fe10e900fe11f803fe19f803d7faf883b1ef088331ef188331ee1c8735ff5,800f803f8015887d8195b01fa348e30af14ef104ff42ff4affc27fc07fc07ff1,9459945994599c3996a8d2ae73ae63ae6326636663466346634e6e4a56db54db,8223927b745f741f823182237c5e75df82238a31638f7d5e7dce82a18a7075ce
Group15_Song3_Music.mp3,942dc00f942fe01f90ade19f94ad57d5843d3ff088533ff088733fe088523ff0,800f803d8017c0bdd2add2add6a9d1a0f12ae90abf4abf42bf52bf503f546fd0,96a496a496a496a496a4932db12d692d692d696d6969694969c969db6cdb6cda,8b759839748f740f8a718b65740f748f8b658a70678f748e758e8b708a70758e
Group15_Song3_Vocals.mp3,a959a952ad59a9529d7988b39c698cb99c29dcb19c295cb59c295cb59ca954b5,96499c399c799c619c71b248a352e34ee3c6eb56eb46e996e096c8a2d1a6d5a5,a959a959a959895998a952aa72ae72a672a662e6624662467666766656eb56eb,83af89786516651e8be983ac645e651683ac9be9e61e755074969aaf9ae16496
Group15_Song4_Full.mp3,8652b3768c50939bcc8c6489cc8566adb1247b25b3227e2db3634cddb3e34cdb,c481a001e900cc89c181c85a8b568b528f5e97feb77eb37e3377326732bf79a1,89068904a904a101f609f61b565b565b567f56bf318f3daf0dad0ced4de84df8,b004b8704fcf47cfb830b0064ffb4fcfb004b830478f4fdf47cfb020b87047cf
Group15_Song4_Music.mp3,ccd9cd9bccd9c59bccc9e10bc449b363f0413366b1413266b3633e6cb3630e6c,a401b001f040c8c8c98bc899cd9d8db58fbf8fbe973eb736b266b36633763322,ccc8ccc8c4c8e449b401b633b6333237323732b732b73ba71be60fe40dfc1df0,8000bc704fdf4fcfb03082027dfd4fdf8000b030438f5fdf4fcfa020b8704fcf
Group15_Song4_Vocals.mp3,b376b376b376b322b3246489b3246c89b32668a5b3264cadb36c44c9b6c94cdb,b364b324b327b327973797179a72cbd2c0d0e0d0ccc8ccc9ce99ce9bcc89cc89,b336b336b326b326b26956c956ca56da56da56d844c94c896ca94c994c9b4cdb,9f73b3314ccc799db332b2664cf34dd9b204b330ccd94c634cc8b39cb3244cc7
group16_song1_music.mp3,a1b524e5a1b524ed91992ced93d82ced93d06ced91d064e791d076d681d07fc6,80d09390931d939de5ade62ceeaeeca5ec64ad66ac62e852da52da52da52d85a,a1b5a1b5a0b4a0f4a0f4a0f4a0f4a076a0eac94bd9cb5bcb5bcb5b4b5a4b5e4b,800080007fff7fff800080007fff7fff800080007fff7fff7fff800080007fff
group16_song1_vocals.mp3,8e0a861b8e029adada0a7aee8f0a2dac8f0c25b5cd0171f5f92171b5e92d75fc,8e048a008e028f0a879e8fdf8ddf86dbd2d6d2f2f0f0f0f0f4e5f0a570f170f0,9e1a9e1a9e0ace0ace00cc45ed256965692569f560f461fc61ec61ff60fb20fb,c049c0493fb63fb6c049c0493fb63fb6c049c0493fb63fb63fb6c049c0493fb6
group16_song2_music.mp3,babd8aa6b2bd82e6b03d45c6b03d05c692294dc792206dc7db002ff7cb003d7f,92a892289038b039b439b495bc87ac87efc7ebc7cb46cfc2cfc2c5d2c752c750,b2bdb2bd92bc92a99aa18b01cb014d054d256d856db56d956d976dd234da64da,828182817d7e7d7e828182817d7e7d7e828182817d7e7d7e7d7e828182817d7e
group16_song2_vocals.mp3,817181f08171c2d1ae034e9bfc0366a9f4a22170eca03b576e863f1f7f8e3f1f,ec00ec02fc03fe03bf03800380f481fc83f897d897f883f882fcb2bc7a3f7e2f,816189618ca1c4a0c4c8c6d8c5dc4ddc6d5d595b595b5cbe7c9e7bdf329312b2,cc00d936333e1b36cc00cc00333e333ecc00cc803bff337f33ffccc1ccc933ff
group16_song3_music.mp3,a784a5b58780a5bf838a5b5bc3804b7fc380692dcbc0693dcbe069b59af025bf,9a808bc0cb80c38acb08f30cb21cb65ea4faa4fea4f6ecf5fc65d965d865d861,878c8384839483b19bb198f198f398e398e318e358e378e37ce37c6b645e6e1e,8af08af0750f750f8af08af0750f750f8af08af0750f750f750f8af08af0750f
group16_song3_vocals.mp3,809f9ab1809f9ca5c00eb52dc007bd2dd8017b3dd841715ed94171de7de1779e,a0048007f006e00ce01ca00c81e387f88bf19ff39ff3d3f08ff1bff37ff07d50,8c878c87cc078cc387c387c117c913f933f933f933f933f971786f706d006e20,90c98ce94c364c3590c990c96f3c6f3c93c991c97b9c6f366f3691c992c36e36
group16_song4_full.mp3,8a45da41aa05ca04e924cd24adacc9e0ab6df2eaab6970eaa16955fab5ea55fa,910085208520c920ca00ca00ca00da51da5dd4dbf2dbb6dfb6ff37ff35ff25ff,ab04ab24aba4abeca9edadeeb4eff06bf863f872587251525152515255525452,800080007fff7fff800080007fff7fff800080007fff7fff7fff800080007fff
group16_song4_music.mp3,a4b6a8cfa4b6a8cfa4b6a8cfa4b6a8cea4b6accea4b6eccaa4b64c4aa4b64c48,8138a712a216821f828fd0edd88fd8a6f064f4f0ed70fd40ff40df60ff60a7e1,b4feb4f6b4feb4feb4feb4bab4bab0aaf029e829482949294929492949294b21,800080007fff7fff800080007fff7fff800080007fff7fff7fff800080007fff
group16_song4_vocals.mp3,8b40cb00a942c902edc2cd82ab42eb60ab44fb64ab44dbe5cbe452eddb6d56ff,c940c940c900cd82cd02a902ab00aa0c9c9c947c94fdb6bfb2ffb6ff36ff34bf,89428942894289468946ab47aa74f830f8b178b15eb956b956b556bf56bf36bb,8aee8aee751175118aee8aee751175118aee8aee7511751175118aee8aee7511
Group17_Song1_Full.mp3,898e898e898e898e89878987898789a7898b89ab89bb99bb95bbb473b473b473,900080008011a005c00c8014b40c8a2ecba6dffbdffbcbee5ffe76ff76fd777d,898a898a898a898a89ea88e29862b266b266b26636663677767776777717671f,b860b860479f479fb860b860479f479fb860b860479f479f479fb860b860479f
Group17_Song1_Music.mp3,b41bb41bb41bb41bb41bb41bb41bb41bb41bb41bb41bb41bb41bb451b455bc55,88208010a0109805a009b455b088a49bb61ab7deffef5ff74be74bef4bef4bee,b45bb45bb453b453b453b453b453b451b451b453b453b4565b364ba64ba64ba4,800080007fff7fff800080007fff7fff800080007fff7fff7fff800080007fff
Group17_Song1_Vocals.mp3,cba8cba8cba8cba0cba2cba2cba2cba2cbaacba2cbaacba2cba2cba2cba28ba2,cba2cba2cba1cba1cbaccf8ea48eaa8eb8ceb453b451b459b459b459b451b451,cb88cb88cba8cba8cba8cba68a669a663a663266326636663677365776537613,9aee9aee651165119aee9aee651165119aee9aee6511651165119aee9aee6511
Group17_Song2_Full.mp3,881089dc801883faa00ac7fba000d7ffa01057f7f0017777f6217777f7217777,8000b000dc03ee03882f805e807c809c81c8f1d1e3c0f7d1ffd57f557fff7fef,80da80da80988098802cd62cd6257625762477247f367f766d567d5e7ddc5ddd,c0accccc1ddc1ddcc0acc0ac1ddc1ddec0ace2211ddc1dde3f53e221e2233ddb
Group17_Song2_Music.mp3,b8069c4fb8069ccfb8069ccfb8069eefb804df63b80077e3b80077f1e3a067f1,88008000891089d088789870b869bc3bf6a9f6ed76af77af578f4fc747f747d6,b807b807b807b807b807b805be059ec59fc51fc15bc153d143db43db43fa43fa,800080007fff7fff800080007fff7fff800080007fff7fff7fff800080007fff
Group17_Song2_Vocals.mp3,83d089d883d883f883c887a883d885fc83d095f783f056e783f1762783f17e77,82a083b083888bc9ab8ba4cf87868182a8c3f953fc57fc36f436fc15fc477c4f,83d883d883d883b883b887acd62476247624762474267c767c567c567c5e7cdf,87a08ddc7c5e7c4c87a887a87c5f7c5e87a087a00dfe7847785783b8a2217857
Group17_Song3_Full.mp3,848080f6848081f78480c9ffc500cbffc1004bffc2007b7ffb087b6ff90d7f7f,800080008000f400f400fc008ec280ff83fd83ffa3ff83ffabff7fcf7f0f7f3d,84d784d784c780e7c2e7cacfcacbca4a4a484b1c3f3c35b535b535b535353518,de85ad5625562d56de859e8525562556de85dea52556255a217adaa1daa9217a
Group17_Song3_Music.mp3,9485a85f9485ab5f9401cb779400eb7f9400ab5f90105f7fd0105fffc01257ff,80008000c000ca00cd00c324a616bcc7afcf86ffa4ffbcff38ff7bfe5b7e4b7e,948594859485949d849f849f849f849f849fa4bfa4bfec7e6c626a607ae07be2,8000800000000000800080000000000080008000000000000000800080000000
Group17_Song3_Vocals.mp3,86f680f684f684f684d685de85de81dc81fc83ec836ccb48c36c6b0dc34d7b1d,82fc82f8a172b550b010acd3ccc382c59234fb24fb21d324df0dfd0f7d0ffd0d,84f784f785e7c0e7cae7cacbcaca4a484a484b081b3c37b535b53535353d3519,c5c5ad54395a395ac5c5c545395a395ac5c5c485395a3b7a3abac4a5c6a53a7a
Group17_Song4_Full.mp3,e0cdf8cde0c99cc8e0d39f38a7321f3a9f321f289d6648651d2662e51d3e62c5,f7c1f0cba08ae793efb1e0c7e0cf901c9e30db74db649e3d1c6d006549650f30,a213a213857a956a95ea94ca50ce78cf6ac56ae54ee95c797578755c75142f14,8ce7a85563156b158ce78ce7631563158ce79cea6315631573189cea9cea7319
Group17_Song4_Music.mp3,e0cff0ccf0cfb8ccf1c79e38f5cd1f389d381f308c3807330e38c7310e3cc325,f7c1e0cdf0cdf2cdb78df52de193c94a9e528e358e318e32093a59261d300f38,e1c7e1c7e1cf9cdc9e788fdcc5c5f5c1fdc19f201e281e3808387aa87e221e20,cf39cf3930c630c6cf39cf3930c630c6cf39cf3930c630c630c6cf39cf3930c6
Group17_Song4_Vocals.mp3,8e318e358e318e358e318e668e3096668e769e66b66678e4b56679c6b54663c5,8e2a8e228e228b328a318a318a4d8acdd9ddf1c5f1c7f1ddf0cdf1ccf1c6f190,8e308e30863a956a94ead4ca50ce7acf6acf6acd6ae974e9755b755c65146114,a0e70e14631563d59e44a0e72f956115a0e79ec2e0716f9d61bb946a9fea613b
Group18_Song1_Full.mp3,83c783a283c69c28fc383c58fc387c5cfc387c1dfc187b879c1943e71c5903e7,8c00d002fc00fc04fc10f302c36e837683e683ff83fd83fee3ff357a14d93cd9,838783878183acaab46a546a564a564a565a5c3a5e9c7eb56ad56eec6a4d7a69,f53af53a0ac50ac5f53af53a0ac50ac5f53af53a0ac50ac50ac5f53af53a0ac5
Group18_Song1_Music.mp3,c3c683a2c3869932f89b9c79fc193c59fc591c59fc5957c59c4947c51c4947c4,8183c083fe81fc89fc09f685e186c13683768376836e83749b763cfc1cec7c79,c387c387c387a803b8329c321c783c781c781c781c345c7a75df74d977d97e70,bc4bbc4b43b443b4bc4bbc4b43b443b4bc4bbc4b43b443b443b4bc4bbc4b43b4
Group18_Song1_Vocals.mp3,8b7195738b7195e2897085ea893085e88532c5ea8d32d56b9db31c7b9cb13a7b,8122957089f089b081b699628f4a860efa8ffa8ffe0ff60ff60fe20ff20df085,8b308b3089308dba55ea554a574a574a564a569e769f6e9d6e956acc6a4d62cd,89a6aa382ac92acb89368b862a582ac98ba68936e3c73ed976cfc526d53876cf
Group18_Song2_Full.mp3,a3058304ab879cfcaa8bd4fc902950eb9079707b9879787b98797363d47867c3,f820f8fbaaf8fa8cfeefdeeb8683aa048504850085148554831c1573577f55fb,ab1cab1caa5da879b87bd46bd46b54eb54e354a756a453846b942b942b942b94,f566f5660a990a99f566f5660a990a99f566f5660a990a990a99f566f5660a99
Group18_Song2_Music.mp3,e387e386e383f1f4e3c3b870a2c23c7ca8281c7c98781c7d9c781cbd9c78478d,900090f8f5f2f5f3fbf3fbd6e304e300e200aa85ca8c8c0d8c3b8c3c0e7e1eff,e387e387e381b8e0b870b870b8709c7c943d943d172d1e2f570f562f57075439,b871b871478e478eb871b871478e478eb871b871478e478e478eb871b871478e
Group18_Song2_Vocals.mp3,8c3d8c1c8c3d8c1c8c3f9c2c8c3fd06c887bd069887b516b887b716bb96b71eb,8839887b883c8a1c8c3e8ea78e96af94e7d4e7c1f7c0f7c0f3c0f382f380f382,ae1cac1ca85da95ba97b506b546b54eb54eb54ab56a473a46b946b942b942b94,f06ba8aa2f942b94f06bf06b2f942f94f06bf06b2f940f940f94d06bd06b0f94
Group18_Song3_Full.mp3,a8449d3ba8009d3baa0095b3e20357b2c3036eaec1ce6eecc5ce6aec45ce6bfd,800288008022aa1788339203880191d09dfcfcecedfcd5fcd7dd77cd77cd77ff,a835a831aa05e28af2ca55cad4ca54ca56ce44de6a5569556b55495d6b55557f,eb02eb0214fd14fdeb02eb0214fd14fdeb02eb0214fd14fd14fdeb02eb0214fd
Group18_Song3_Music.mp3,f844947fe80495ffea0097f7e20217b2820a16b2878b56b685c754bc95d76cbd,8002e000e202e222ea03eb29e80ced5c95d49dd59ddd9df59c7d1ebf1f9347bb,fa04fa04fa0694c694c685ce80c680ce888601df01d705df555f557f557f47ff,c402c4023bfd3bfdc402c4023bfd3bfdc402c4023bfd3bfd3bfdc402c4023bfd
Group18_Song3_Vocals.mp3,82e19d338ae19d33aaf19d33a2f18d3aa2e14caae2e06caa62e86cee62ea61ee,80218a7386718e75867597278f8383a3f8aaf9aee898f09cf1c4f1c4f15cf45c,8d318931aab16aaa728a568a568a56ca56ce7e446a556b556b556b5d6955555e,a891ea17547e557eaa95a1d0542f542ea8d3aa9585fa576e556aaa91aa85556a
Group18_Song4_Full.mp3,80fc80fc80f880bd80e0c787a0e0df07a0505f07bf535f07fd135f0ffd037e1f,fc01fe02fd00fd01fd01c1a182fc80fc82fc82fc82fc82fe82f43cf47dd37d43,a07ca07ca044aa46ba47ba07ba8f9a8f5e8f7c8f7c1f7c1d5c185c1855395571,b8ceb8ce47314731b8ceb8ce47314731b8ceb8ce473147314731b8ceb8ce4731
Group18_Song4_Music.mp3,a0f880fca0f882ada0599787a0599787a850df87fd425f07fd035f07ff035c0f,b401fc01fc01fd03fd0284d980fc803c8278817ac17e83fc5b7c5fe65fe77f03,e07ce05ce058e819fc01bf019f01970797075f077f0e5f8e5cac55ec55a617a6,f86af86a07950795f86af86a07950795f86af86a079507950795f86af86a0795
Group18_Song4_Vocals.mp3,82e483e482e483e48aa68fe482e68de486c49dd6a6c69d97a6c65d9fac465d9f,8be48bc48744cd4ccd2ccba580ec82d0d611f693f693f493f0d3f059f41bf519,82e082e4a2e6a2e6aae6aaeeaaaeaaaf28af7c9d7c197c197c195c1955195551,aa64ae705f9b5f1baa64aa645f9b5f9baa64aa644513559b519ba064a064559b
Group20_song1_full.mp3,85e1856085c1d74891c9f35c91c9d25e9d065a76dc165a16ee177a97ee172a8f,99e9a74ded9bed9bfbdfd34c934084208420ac338422866012605ee77ef67b9e,84c984c98599e53bef367f267b667b665b64536c522c20ab24b924b905795579,e49ad5191ae51ac9f59aa49a1b651a65e49ae59a2aed1b650ae5e49ae51e0ae5
Group20_song1_music.mp3,befbfedbbefbfedbbcfbefdbbcdbee5bbedbc203b4924000a080000080000000,8af0d9c6bdf7bf9fb73fe69fee9fbccfb4cb90a490e0c04048604b2041445124,befbbefbbedbbedbb69696b690b4d0b450b4503450b401b409b408ac0aac2aad,a020aaa13add2afda020a0203add3adda122c1223aff3edd5fdfc522d5225fdf
Group20_song1_vocals.mp3,80e481a480e491a490a4912690a4d32690a45f27d6257f7f6e0b7f5f7f1f7f5f,802080008084808490c4912491628a30ee39eed9ee5bff3bfb7b7ddf7fdf7edf,806480449284d688773b7b3379337933793369336a5366db66d956d456b45fb4,c5369a261be21b62d436e5361ba21be3c536c43eabd31bc92bc9e41ec4ad2bc1
Group20_song2_full.mp3,8a6c9f228a7cb692887bb4db81d7348fa183ff82e5827968e7c2786ca7895a2c,8d288d308c05a5b7bc32aa52d052dc2cfac0c2cdfbc8f3c8f383778727db658b,8e348e348f718be181c9a1caa1dab1d261d267d267b264b164bf748f524f724f,ecb6ecb613491349ecb6ecb613491349ecb6ecb6134913491349ecb6ecb61349
Group20_song2_music.mp3,8d368f1e8d348e9e8d38b6d98c3932cfbc5832c6b64c32c6b64c32c7b64c32cb,8cb29c1cac18e9b1c8bccb93cb83cb24cf249f7cd764b24ff2c670c370c330cb,8d388d388c388e3c8e3c864e86cfb6cfb2cb72cb72c972c972c172c373627362,bc18bc1843e743e7bc18bc1843e743e7bc18bc1843e743e743e7bc18bc1843e7
Group20_song2_vocals.mp3,c05db741c05fb749805fb74dc15fbd49c1b1bd81c1b1fda2c1b07c8ec9807c8e,c544840482828287861bb778b568c899f899f1c7f1e7fdb0fd393f643f2639a6,8251835183d181d189f0a1e8b1e9b5e9a599ed98ed99249124d731c779e77de7,800080007fff7fff800080007fff7fff800080007fff7fff7fff800080007fff
Group20_song3_full.mp3,81218001810980598009c2dd80c956f682b656f6d2d67ef6f2d67ff7f6f63f7b,82988288f7ddb7d9add888d98001802b80638027c027d8767f267fb67ff67ff4,8109810980018206c2e6c2ff8aff6ad46ed45fd65d267d277d237d113f59767d,deaedeae21512151deaedeae21512151deaedeae215121512151deaedeae2151
Group20_song3_music.mp3,aaf72ab0aa7722aaa26620aa816e30e2813e3170911f1577959f5573d58f577b,a104a10ef56ef56ed66ec266ca73aaf1abb189918991fd957c89550a550ed50e,a976a956ab56ab56ab568b838bc1cb89cb894b894f097d0975297529752c752c,8000800000000000800080000000000080008000000000000000800080000000
Group20_song3_vocals.mp3,80888024808c8064808cc07f800dd27f804b577bc04b7ffbd17b7fffd37f3fbf,8042800180818281a880ad2ca5488016d832fe26ff6eff72fff27ff37ff57ff3,a08880808000c003d1738177857d857d457d55575f937e923eb07f7e777e577f,805180517fae7fae805180517fae7fae805180517fae7fae7fae805180517fae
Group20_song4_full.mp3,a8158011a8159011a835927be8fc7a6afaea7a6ed2ea5b4ed7aa17c6d7ea21c6,afe5bfc5dbf5bbe7e962e83eac158c319c1394139013c4194018430a734e77ea,a811a81188119ef5dfe5d7ef764e664a624a624a734a17a017f017e94be96be9,d7c5d7c5283a283ad7c5d7c5283a283ad7c5d7c5283a283a283ad7c5d7c5283a
Group20_song4_music.mp3,ade3bce2ade3bc46ade2be46ade2b646aec45254c2dc5215c29c5295c29c129d,a65a865ca268ad6cad65ace1ade0bde7bd87bd92d196d21b521d52195219521d,ade2ade2ade2ade6aec6a6c6e646d246d206d21ed11851185999599959d95979,8000800000000000800080000000000080008000000000000000800080000000
Group20_song4_vocals.mp3,800a8008800a800a801a9b3e881a7b7f881e7b77995e7be59b7f7fe59bf37fe5,801a801a801a800a800ba01aa0228018c6c0dfe5ffe5ffe5fff57ff57ff57ff5,8008800880189a5a9b7a1b2a232f6327632773253be15be15fe36fe76fe76df6,bb61bf5c649524959b6abb61649c6495bb619b6ae1d5649c40859b6b9f2a6095
Group21_Song1_Full.mp3,a516b156a516b1568516b596841637a6841637a784947badc68d5badc6ad5fad,c408c089c489c40c88148516b716bb76bb76bb63fbe3b3e1f5a9d4a9e4e9cec9,a556a556a516a516859694a694aed4aad4aad6aa56a956a956e975496d596d59,d6aad6aa29552955d6aad6aa29552955d6aad6aa295529552955d6aad6aa2955
Group21_Song1_Music.mp3,c48c3181c48c3389c48c3389cc8c3389cc8d3b8fcc8b3f8fcc8b7f8fcc8b7f8f,80028001c009c428c488c48cce5cafd6bb76bb73b373b373bb73bb73b373b1f5,c48cc48cc48cc48cc48cc48dc48dc489ec89bcd9bff13b713b733b733b723b73,8000800000000000800080000000000080008000000000000000800080000000
Group21_Song1_Vocals.mp3,b156b156b156b156b116b536b136b526b13495a6b33453adb3345aa9b3345aa9,b134b134b394a6d4ab56a952a552aa52db2acaebcac9cca9d4a9ccc9ccc9cec9,a956a956b356b336b33693b697a695aa97aa56aa56a956a954e944c945494c49,93a493a46c5b6c5b93a493a46c5b6c5b93a493a46c5b6c5b6c5b93a493a46c5b
Group21_Song2_Full.mp3,9500b7779500b77f8100bf7f80009fff80021ff780025bf782025fffca064fff,800080028000c00ec40ecc59c541b74cb77cb7fdb7f7b3fffaf36af368fb4cda,972297269326932693068b118b11ca51c9d14dd14dd94cd96cd96cdd6cfd6cfe,800080007fff7fff800080007fff7fff800080007fff7fff7fff800080007fff
Group21_Song2_Music.mp3,80129f7780129f7780129f778012bff78002bfff80023fff80023fff80027fff,800080008004c006cab6ca89c881cd98efdebffeb7fdb77f3579b561f56bb76c,9b169b169b169b169b128f128f128e198c99ccc96cc96cc96ce96ce96ce96ced,800080007fff7fff800080007fff7fff800080007fff7fff7fff800080007fff
Group21_Song2_Vocals.mp3,b765b565b76db365b36db36db36caa04b3648a94b3644a96b2644a92b2644a92,b326b326b36ab76aa549e559e55da545d535cc95cc95c894c892cc9acc9acc92,b769b769b36db365b365bb65ab554b554955495549554cd54c944c944c944c92,b264b2644d9b4d9bb264b2644d9b4d9bb264b2644d9b4d9b4d9bb264b2644d9b
Group21_Song3_Full.mp3,810187c5810187d48000dede80027e7ec0027efed0037bffd00f7bffd22f7bff,8000800080028002c0129002a0c1a5cdafcdafedafedfffd7ffe7bfe7afe7e7e,85c185c185c18583850b8f0f1f2e7aae7dae7d3c6d587d587c317e687e687a20,8001f0407ff07ff0800180017ff07ffc800180017ffe7ffe7ffe800b850f7ffe
Group21_Song3_Music.mp3,8000be9c80009ede80029ede8002defe80027fff80037fff80437fff83677fff,8000800080008000c0109018f856bdbcbdeeadefafefffeffffd77f153f153f9,8812881288128c868cc78ecf8ecf0ecf0fcd6fcd4fcd6fc55dd17fa07da075a0,8001f0007ff87ff0800180017ff87ff8800180057ffe7ffa7ffe8007841f7ffe
Group21_Song3_Vocals.mp3,85c185c185c1854985c1b56985c17c7a87c17e3e87817abe878b7abe878b7abe,854185c183c38d41a5c1a4c8e2c8e0d0e07cf2a4dabefa1efa3ef83ef83ef83e,85c187c187c185c1850985095d3d71bc71bc3d3c3d383c387c3a7a7e7a6e7a6e,814df07f703e703e814d814d783e78be816d8541601f78be7eb287c18fc17eb2
Group21_Song4_Full.mp3,8ab39ab08ab3faa08af7f0ec8ad6f44c82d7f4588257f558855575588555754c,a044f84483e483e482e782c782b38ab38a13dd1bfd19fd1bfd397d28754c756c,8ab38ab38af78a5789558d55d55cd55cf55875d874c86cc86ae86aa872a87628,800080007fff7fff800080007fff7fff800080007fff7fff7fff800080007fff
Group21_Song4_Music.mp3,82c4f0ec82c4f0ec82c4f0ec82c6fcfc82c6fc788ac6fc788ac6fc788bd6fc38,8000e808e2c4a3c4abc683d78157a147d429d429dc29dc3bfc3bfd3bdc3bfc3b,aac4aad4aadcaadcaadca8dca8dcaadc9adc9b48974057215723572357235723,800080007fff7fff800080007fff7fff800080007fff7fff7fff800080007fff
Group21_Song4_Vocals.mp3,8ab38ab38ab38ab38a33ab178a13a5558b1385558f5355558f5375548f53755c,8b138f138e338a23daabd8aad8a9caa9a951e154f15ce154f54cf54cf54cf44c,8a338a338a138b538f538d5185557555755d755d64dc6cc868e86aec78ec70ec,87978f17786878e887178797786878688797871761e0786878e887978f1778e8
Group22_Song1_Full.mp3,8f81ad298f81ad698f803f5e8f8056d6af4052d6ad4052d6bd4852f67d2952bf,8f818f818f008f4087d087d487fc87fcf07ee03de03ff03cf07e703c707e703c,8f818f818f818f01af00bd48fc807c885c8a7caa7caa7c6a70ea70ff70d771df,9f819f81607e607e9f819f81607e607e9f819f81607e607e607e9f819f81607e
Group22_Song1_Music.mp3,87417ffc8f417ffc8fc17ffd8fc0524dadc0524dad80505dad80403dad90403f,8fc08fc08f80afc0cfc8cbcbda7bd27fc25fc01fe03ff03ef03eb03ea014208c,c3c1c3c1cfc18fc08fc0afc48fc0ad80cf80ac9eac143c3e3c3e387f387f307f,8f818f81707e707e8f818f81707e707e8f818f81707e707e707e8f818f81707e
Group22_Song1_vocals.mp3,8580a5b68580a5b68781adad87215a6987635a6987675a799e775a5bbe765253,87708720873387338333832fe584ed84f9c4f0ccf0ccf0ccf0cdf2cf725b525b,8db0adb08d32ad329f33be735a757675765576557655705770c642ca49884988,9eee888c6d9d498c9ce69eee49896f9f80009efe40006d9973bb9262bf776111
Group22_Song2_Full.mp3,8212e0088212e041e4017dc5e1c51bf7b1c51fffe5c51f3fe1c90e3af9fb0e3e,84008000e4a0e5e1e1e182058200901ada1ada1bfa1a9e9e3bfe3bff7fff7fff,820080008000a0c0b15bf90d5b0d7b4f5b5d796579e739e739fe3ffe1f1e771d,99e799e76618661899e799e76618661899e799e766186618661899e799e76618
Group22_Song2_music.mp3,9b1a8bb39212e5e5842665e5e46579c1e82179c9e0217decf0a157fef091175e,8000c000e400e445c42387678f3b9bbb9bff93fe9bfebb9c3999791978c87ccc,9a3b9e3386338610b298e094e0a460e469e669e679e47de47dec6ce41ee434f7,d2b9d2b92d462d46d2b9d2b92d462d46d2b9d2b92d462d462d46d2b9d2b92d46
Group22_Song2_vocals.mp3,e404e42ce404e42ce001bff5a0c41ff7a0c61ff787c61f5f85465f5b90635a7b,a404a004a0a4b3c4a0d5e2d5c0c9c84acc2acd3acd1acf1adffe1bff5bdb1b7b,e4a0e4a0a4a0a4a2a422cd0dcf1d4a554b5d595518d719f719ff1bff1f1e5b1c,81c1a2667e997e3e81e781e17e3e7c99a26681c176667e997e18816681c17e3e
Group22_Song3_Full.mp3,9d85a6ca9f84a6aa8f064bb5cf0643a5cf0261a1ef0261f5ef0261f5ff0331dc,8f018f808f008f008fbc8fbe9bfc91f8b0f9f079f07bf079f071707170776070,9d849f848f848f82cf02cf03cf034643cf03662375a8756b7969587d587d787d,8f078f0770f870f88f078f0770f870f88f078f0770f870f870f88f078f0770f8
Group22_Song3_music.mp3,9f82976c8f8297f48f8347d0c78163d1c78161d0f70160d0ff4170faff4178ea,8f808f808f80cf80cfc287ef87ff803f803fb03fb03ef03cf03df07d70787038,8d828f828f8187818781e701c701e761f74077747cc0707e78fe707e787e707f,9f819f81607e607e9f819f81607e607e9f819f81607e607e607e9f819f81607e
Group22_Song3_vocals.mp3,b6cdb74db6cdb54bb656954ab656954ab2c24962a2e349a6a4c749a6a4c649a5,b7c6b6c6b44690369237b219aa39fa39e589cd49cdc9c9a9c92ac932cd32c936,b659b659b65bb64ba64baacbaacb6a896ab956b152a559a44926493649364936,a3cf80025cf95cb0a347a3cf5cb07cf98302a3cf40005cb97cfda346bfcf5cb0
Group22_Song4-music.mp3,f87c3acbf87c3acbf87c28cafa5828ca8ad868de8ad868dc8bc868c483cb6a45,ca1cca58ca58ca58ca58ca58b07cb5b9b5a1b465b5e705a707a7479747874f87,f858f858fad8ead8ead88ad88ad882d9d25f065f153f052f1527152775071707,8bf09694341e34168bf08bf4341e741e8bf48bf1741e740e740fcbf1cbe1740f
Group22_Song4_Full.mp3,bc3c870ebc3c9d2bb83c9d63b87c68438a5868de8ad868d483d278d583c37ad5,88188858a830e8f0e0fbda789e08973cb734979ef78ff7075707478367c361c3,b83cbc3cbc3c8e388ef88af8ca78ca4ada4b494b414b45cf45c7748774877487,8fe08fe0701f701f8fe08fe0701f701f8fe08fe0701f701f701f8fe08fe0701f
Group22_Song4_vocals.mp3,872e8f2e8f2e8f2b8f2f8c638f2f8e438f0f6a438e0e6ac48e156ac48e1578d4,8e0c8f0487368537852f912b93ead722f3f0fad8faddf850f848f84170e170f1,872f872f8f2f8f278e2b8e6b8a4bca4bcb4b4b4b4b4b484b74c170d470d470d4,8e0f9c1f707270278f0f8f0d782370e08f0f8f897f0370f070f08f1f87dc7076
Group23_Song1_Full.mp3,851981158019817f8a10c0efc2a440efc00e61efe00f69ffb14769ffb1477fff,8000800480108a008a0082808e809f80977f97efb5fff7fffdff7cff78ff78ee,801d801d805f804fc06fc0e7d0a574a97da07ba27ba27f927f907fc87ec87fe0,8000800000000000800080000000000080008000000000000000800080000000
Group23_Song1_Music.mp3,804281df804a817f800a817f800b917f800391ff805f57ff805d5fff95557fff,80008004c020e822c820c8e2ea80fec8a7c986dd8ed5b79db79fbf3fff3ffe3d,805f805f805f805f805f805f805799463f407fa07fa07fa07fa07fa27fa27fa2,8000800000000000800080000000000080008000000000000000800080000000
Group23_Song1_Vocals.mp3,8f198f1d8f198f1c8a9dce2e8e9c4e6e8e8c4d2a870b492ab74b69a2b54e69a6,8f888f1c8f1c8b1e8b939ab98e9d8d11f16bf162f1e2f0e3e0e2e0e270e370e2,8f1d8f1d8f1d8f4eae6a0aed9cad14a974a970a279a271a274c656cc76e47064,ae98801c706f706f8e98ae98506f7067ae988e987f2750677167af988f907167
Group23_Song2_Full.mp3,8a5b94b5885bb4b5885bf4b5885bf5a58a5a77a48a5877a48b5077a48b7077a4,8a748a568b5ae19ee49ba1a5dad38858bca5f527f5adde0194017781758977a8,9ef59ef78ed38a5a8a5a8a799cb594a594a585a549696b4a6b4a610a75a475a4,9a7994b5758575a59a799a71758575879a718a797584758665868a788a7a6586
Group23_Song2_Music.mp3,885eb4b5885eb4b58a7ef4b58a5af4b58a52f7a48a5277a48a5277a48a5277a0,9a748af48bf58ab580bf80fd80fe807e801ff00af40bf700ff807f807f417f29,96f596f59ef78ef38a738e738cf59cb594b58cb58948494a694a6908610475a4,9a509a5065af65af9a509a5065af65af9a509a5065af65af65af9a509a5065af
Group23_Song2_Vocals.mp3,8e519e318e519e338c5b9c5b8c5b9a5b8a5b9a4a8a4a4bca8b6a4bea8b6a4bea,9c618a708b52af5abf02b433981b885be4acf7e4f3e4d08dd08dd1adf1ad618c,9e518e538a5a8a5aca4bca49c82dd4ad55a545a5492d6b4a6b4a77ae75b635b4,8865b42d75ba35a08ee58e6d753e759288e58e6d17e07592711a8a6dca4f7192
Group23_Song3_Full.mp3,9b839ce5bb838ce5b302ccc5f3024cd5e3924c5be1964c4be19d486de53d586d,b381b30bf246ce4ce4d8a29baa90aa22952295a59da5cd72ec766c7c4cdf4c7c,9acb9acb9b2b93269127b133b3932593659365bb65ac4da44df54cd44c544c56,e369ce730cb30cb3e369e3690cb30cb3e369f3480cb30cb71c94f34cf34c1c96
Group23_Song3_Music.mp3,db43ccc3db43ccc3d342ccc3f302cccdf306cccda3864c6da39e0c6da29e0c6d,b323b302e256ead6d2d6d242d24ad313dd418dc18d99adadadbca5bc25ac24bc,9a439a439b439b439323b323b33bb339333b23b921ba6cbe4cc66cd84cd06cf4,f32cc6714cf34c73f32ce32c4cf34cf3e32cb32c0cf30cd30cd3b30cb30c0cd3
Group23_Song3_Vocals.mp3,b28995adb2a8b5a4b268adb592486d97ba526dd3ba524dd39b15499391254db5,b389b2899308914f90dba4dbaa99ab20c526d5accd2dcd36ec16ccd3cdd3cd52,b2a9b2a9b22c932c976cb732a6922493249365b36dac4da54db56d956d564d56,c32e38ee4f9128c1b36eb36e3c944793386cc36a384c4f914e93b06ec7763c95
Group23_Song4_Full.mp3,9c7bba3f9c7fdc1facbdcc9fac2fda0b9e26d2869e3641859c1541818c284181,9e1f8c1fa817e884fc95fc9fbc1f9c7b9c78d160d36293e293e2c3c843c04780,bc7fbc7fbc3e9e3e9c7a8cbdd4bdd6fd4e9d468557804581418841a8418063c0,850f850f7af07af0850f850f7af07af0850f850f7af07af07af0850f850f7af0
Group23_Song4_Music.mp3,8c799e708c799e309cac9eb09cac9af08c79f2d28c7973d28c5173c39e5073c3,9e709ef08ce0a4e0e4a8ac25cc249e179a17e21fe15fe15fe117e38ee386638e,8c798c388c388e388e788e388e388e518e51a73c77557357738673c673c673c7,a039a0395fc65fc6a039a0395fc65fc6a039a0395fc65fc65fc6a039a0395fc6
Group23_Song4_Vocals.mp3,b366b23eba76f01fa85ff88fab57ba07bb669286b3265086b126458591264585,b30ebb0eb116e916ed17ea9bb299b4f9d4e8cce0d4e896e096e08ee0cde04d81,bb7ebb56bb56bb66b366907fd6ef56ed568d4681548044a144a944a845a845a9,b81eb33744e147e1b91eb91e47e144e1b316b81e777144e146e1bb1e981e47e1
Group24_Song1_Full.mp3,82ec9e58a2ec9c51ec838c33e583cd33e186f592fdc47492fec46097ffe14007,80e5e225eeb1cd338413844a805a837c98dcf3c4fbe9f944f75477ca75ca5d03,823da2ada6a5e2b5e155f552f45a745a74da54ca59c459251d291d69196b1d6b,da94965a354b2d29cab5cab4354a354ada94cab54ba5356b354ada94d2d6354b
Group24_Song1_Music.mp3,82ee8270a0ee8553e98ec513eb878513a38794179d449c539d60dc73bfe85e73,8845b146a1c2a1c6e9eac3b5c3adc0be84daded1be799c55b4157ba37d031d50,a3afe38fe28fa387e3a7e285e0a5942595759d359d311d711d711d501d501d70,edb6edb612491249edb6edb612491249edb6edb6124912491249edb6edb61249
Group24_Song1_Vocals.mp3,aa6c9f58ba689e5996b3943184b1cd31e470f592e2a4f592eaa46197e2a571c7,8873c431c4b5e4b58611865a8e589b4cbb8cb9ccf9ccfbcce5dae55a61e24127,8e399e3996318e35d075d452f45a765a76da70ca4bc44bc549a15969596b594b,c4b5d4523f4a2bedc8b5c0b5374a374ac4b5c8b56aa53f4a374ac4b5d412374a
Group24_Song2_Full.mp3,a9489528a140d41bf0916493d0a16e92d6af2b57de2f2b579e1d2bd78e7d2955,8030e002f614f2a5f294d080888281488109a94f8d4e8f7b0ffb0fff5fff7fff,a154a154a255e205d62bd42bd4aadcaa588a58aa4aa246a767a777ab69bf779c,8000800000000000800080000000000080008000000000000000800080000000
Group24_Song2_Music.mp3,a142e142a140e002f0847a82f2a55ea392ad0e3f9ead0ebf9ebd0ebf9e3b0fbb,80a88890daa5faa5fa84b2a4e346b142f142e552ed52cd5b0f7b0e3f0ebd1ebd,f0e0f0e2f0a1d2a392a38e12ce128e128e120f120f1f0f1f0f3f0f6f756f756f,daa5daa5255a255adaa5daa5255a255adaa5daa5255a255a255adaa5daa5255a
Group24_Song2_Vocals.mp3,8b1c9f298b1c961b8f15969a8f16c7928f5666848f547ad58f456a55874d6a55,8f0a8e0a8f14ca348a119cd29c9a952ae32ce0cdf1cff1e1f1e3f1e3f1e170d5,8f158f558f57874f962b94aa94aa9caa58aa50aa72aa72aa76ab74a369b46a94,8f64bf40709b709b8f648f64709b709b836f8f64409f709b709b8f648f64709b
Group24_Song3_Full.mp3,82b09c4282a09943e3097909f1087959f8085c6ef85c7cfddc5e6dbd5c7a67dd,8300e100e20cf308f30ac30082a08ef18c7384f78cf39cf79cf71cff7c7f7d6f,83a083a0838095109c11dd51cd545d56595e5d5a6d6b6feb6b897b9d7b297b23,e11ce11c1ee31ee3e11ce11c1ee31ee3e11ce11c1ee31ee31ee3e11ce11c1ee3
Group24_Song3_Music.mp3,a3b18791e3b18f80e3889d4ae2081c4ef8081c5ffc5c1c5dbc5e1d5f9c5e155f,8300e308e20ae30ae58ca78083a1c3b1e3b5a1b599f794f79cf31c7f1c7f1c6f,e380e380e380a310ad10bd54b555bd55b5553d751d651de75de71ceb5a0b5a4a,d54ad54a2ab52ab5d54ad54a2ab52ab5d54ad54a2ab52ab52ab5d54ad54a2ab5
Group24_Song3_Vocals.mp3,9c669c46b8639843b8a1d999b8a1d991b881d9efb8c04be9f8c167d9d0d267d9,9820b8e1f000f020f20af847895e8f7c8e7a86df87dc8f1f8fd7c79547986738,98e798e798e19cf19cf38cd18dd449dc495a4f4a6a4a630b6399631d633d6329,8992b9c3766c766c89938992766d766c89928993473c766d767c899289c3766c
Group24_Song4_Full.mp3,84ae91b5c4aeb1b5e0223979e0422b55f9414e55b9416e47b9d14e4fbbd54e4e,8001c000fc00fcc2f542ed22851682ac80be82dd8abd937f3bfd3fd57ff37fc1,843a803a803e80148805b945c94559454d555d554fd57ed576f77efd46bf3aad,d555d5552aaa2aaad555d5552aaa2aaad555d5552aaa2aaa2aaad555d5552aaa
Group24_Song4_Music.mp3,c68ecfefc48e79b9c00279b9e0224abee1204e2fb9806c3fb991663db991466e,8000c000e0b0e8bae8c8eccacc6ec64686469e079f079f759f7dbbfd39f939b9,c42ec42ec02ec00cc084908190819b8197813f911fd13bd13fff3fff077f3ffe,800080007fff7fff800080007fff7fff800080007fff7fff7fff800080007fff
Group24_Song4_Vocals.mp3,91b0b1b5b1b0b1b3b333bb3bb313bb7793115b4583154e4583154e4783554e4f,83bf93319338b6c1bd62bd03b933b9b0c0bec2cce2cdc44eec47cec74c426c46,b1bab1bab1b2bbb5bb35ab25a96549754975495548554ed546d5468c4ea84aa8,8737873778c878c88737873778c878c88737873778c878c878c88737873778c8
Group25_Song1_Full.mp3,a6da8b9da6dbcd99c2255d6ad824696cc5026b64c9263276d9243673db453673,87008a00c820c834c824c408a09fa4dba79bb7dbb7dbb7fbdfea716679665b74,a7dba79b8799d7858b85dba6d96e596e58645a252a9552bd025d5419241a54ba,ca05ca0535fa35faca05ca0535fa35faca05ca0535fa35fa35faca05ca0535fa
Group25_Song1_Music.mp3,b76db24ab36cb0ce92406d94ca926db5c8926dddcd83374dcd813749cd811769,83c08300c910c092c013c902b01fb23cb66cb76cb7edf6fd7cff4dbb4db24db3,a749a748a340a2c8a2c896cc96ce968f95cf54af56af52ae529e529e72565a37,8000e0f871fc71fc8000800071fc71fe800080007fff7fff7fff8e039f037fff
Group25_Song1_Vocals.mp3,a6cd83cea7ccc7848fccc7b487accb9297edcb33c3d261335912753149323431,87c583c18d82cd1a8f0eb6ac96adb4cdf8c0fcd2f873f071d235d2317231783a,87cc87cc87ecc3c5896369636833583359524b5a6b5a5b58534c569d36ad74b5,c301834936fa36fac905c9053cfe3cfec914c9157cb63efa36fac105c30136ea
Group25_Song2_Full.mp3,a7db8383a7d98b83ca244df6da240de3d5280fa3d0002667da74367778743677,b000828087e08b608ba18bcb8599a199f01cf01eb67efc1fddbffc377876783e,a5d1a1c9838ad6aad688d2a5ba5552b57a32562e6e555c757c74542a2c547c7e,9830ad52254e255a98309830255e254e983098316fdf67cf67cfdab1dab567cf
Group25_Song2_Music.mp3,b2a883f1b26807f9b9544dfbc9520dbbd2320fe9d2200fcfd8100fcfc8920fcf,b020836087e08374817085e0a6e5b269f00df80fdecfde8fdc8fcc974d9f4d97,a369b369b368b25ab26ad252b238d210fc3a5c127c3a5c936d395cb52d2d5cb5,800080007fff7fff800080007fff7fff800080007fff7fff7fff800080007fff
Group25_Song2_Vocals.mp3,95c481c4a5cec9cba9caca8b82c4c88496c5cd85cad5773b6a33753b5ab57539,83c483c48484ccabc48b84cb954cb146f562f929f931bb38ba59ba3dfa397a3b,a5caa5c48485cad5db56515671565a565a575a57552a56aa56ad52ab372a2d2b,aca0bda1133f352baca0aca1352b113feca5ec80356a133f535fecc0cad4535f
Group25_Song3_Full.mp3,874b8f43830b8f8380bd7c8580fd74c580ff765680fe7c74c0fc7c3470bc7c34,800e80ff80fda0ac85ea8fc08f018f03df03ff00ffbefe00ff427c7078f470f4,8f4f834f818f819e80bcd034c474547c74fc54dc703e71aa31ae7a8e6e8d7ec1,8000f8007e007e00803f807f7f807fc081ff80ff0fff7f807fff80ff807f7f00
Group25_Song3_Music.mp3,828a8e82809eafa2803e2fa1807f3ff5807f5555807f5557807f755f807d745e,8007803f813f801d8c3eafbebe82fec0fe80fe00dac1fe40fd40f161f975f515,849e84be849e801f801f801f805fca5fca5f4a5d5a5d5a5d7a557f417d417f81,800ff0007f007fcf80ff80ff7f807f8081ff80ff07ff7fc17f80807f80017f00
Group25_Song3_Vocals.mp3,8fa58ba587a5c3c585d274da8586467983a54a39c3c97e3a54da7c3a705a3c3e,878087a581d3a1c380c78f208f208735f98cf81ef85afa1ace2efa7e7a7a785a,8fa587a585a581c5d588c718473d561d54bd568d758d71c731ce6a4e6a4a6a5b,a7c1a5f4580b48fca705a7d1582e5a7aa525a7d16924583a5afea7c5a7d1582e
Group25_Song4_Full.mp3,ad318e388c21ce78d24267cec2446fcdcc904ed9c38233db738b33c7618f33e7,8020a000e180c3c087c28fc78e3f9e3b9c39b97df11df83afc7870de71de71cf,ac208c208e20cd45c544c646f2c653d771577152baa27aab7a6d75de35ba6cfc,f28bf28b0d740d74f28bf28b0d740d74f28bf28b0d740d740d74f28bf28b0d74
Group25_Song4_Music.mp3,a5928db2a4928ff4a1924fecc9904f6dc9104f7cc0804f77c4805effe4445fef,8592a492c0908180819183838b97b6c7b66fb66ef66cf26dfa6dda4d5a6d5a6d,a492a492a492ac92a492adb2edb2cd32ad12497674545e6d56695e6d56af5b6d,a492a4925b6d5b6da492a4925b6d5b6da492a4925b6d5b6d5b6da492a4925b6d
Group25_Song4_Vocals.mp3,8e188e1c8f198e3d8b65473786c3c716868aaf54c1ca31c569c771e363e773aa,86058345c162c162863a8e3c9e1c9e3cbc3cf8bdf9e5f98ab492f493f1c371c3,8e188f188f0ecf0eca6f6a656a656aa57aa57291b9506956795776a964e24476,e047e0471fb81fb8e047e0471fb81fb8e047e0471fb81fb81fb8e047e0471fb8
